country_code,short_name,table_name,long_name,2_alpha_code,currency_unit,special_notes,region,income_group,wb_2_code,national_accounts_base_year,national_accounts_reference_year,sna_price_valuation,lending_category,other_groups,system_of_national_accounts,alternative_conversion_factor,ppp_survey_year,balance_of_payments_manual_in_use,external_debt_reporting_status,system_of_trade,government_accounting_concept,imf_data_dissemination_standard,latest_population_census,latest_household_survey,source_of_most_recent_income_and_expenditure_data,vital_registration_complete,latest_agricultural_census,latest_industrial_data,latest_trade_data,latest_water_withdrawal_data
AFG,,Afghanistan,,,,None,,,,,,,,,,,,,,,,,,,,,,,,
AFG_Central_AGG001,,"Afghanistan, Central",,,,"Central region is comprised of the following first administrative level units: Kabul, Kapisa, Parwan, Wardak, Logar, Panjshir.",,,,,,,,,,,,,,,,,,,,,,,,
AFG_East_AGG002,,"Afghanistan, East",,,,"East region is comprised of the following first administrative level units:  Nangarhar, Kunar, Laghman, Nuristan.",,,,,,,,,,,,,,,,,,,,,,,,
AFG_North_AGG007_6,,"Afghanistan, North",,,,"North region is comprised of the following first administrative level units: Samangan, Balkh, Jawzjan, Sar-I-Pul, Faryab. 2010",,,,,,,,,,,,,,,,,,,,,,,,
AFG_North_East_AGG003,,"Afghanistan, North East",,,,"North-East region is comprised of the following first administrative level units: Badakhshan, Takhar, Baghlan, Kunduz.",,,,,,,,,,,,,,,,,,,,,,,,
AFG_South_AGG007_7,,"Afghanistan, South",,,,"South region is comprised of the following first administrative level units: Ghazni, Paktika, Paktya, Khost.",,,,,,,,,,,,,,,,,,,,,,,,
AFG_South_West_AGG006,,"Afghanistan, South West",,,,"South-West region is comprised of the following first administrative level units: Nimroz, Helmand, Kandahar, Zabul, Uruzgan.",,,,,,,,,,,,,,,,,,,,,,,,
AFG_West_AGG007,,"Afghanistan, West",,,,"West region is comprised of the following first administrative level units:  Badghis, Herat, Farah.",,,,,,,,,,,,,,,,,,,,,,,,
AFG_West_Central_AGG132,,"Afghanistan, West-Central",,,,"West Central region is comprised of the following first administrative level units: Ghor, Bamyan, Daikundi.",,,,,,,,,,,,,,,,,,,,,,,,
ALB,,Albania,,,,None,,,,,,,,,,,,,,,,,,,,,,,,
ALB_Central_AGG008,,"Albania, Central",,,,"The Central region is comprised of the following first administrative level units: Devoll, Kolonjë, Pogradec, Mirditë, Pukë, Malësi e Madhe, Mat, Kuçovë, Skrapar, Krujë, Peqin, Gjirokastër, Përmet, Tepelenë, Shkodër, Elbasan, Berat, Korçë.",,,,,,,,,,,,,,,,,,,,,,,,
ALB_Coastal_AGG008.5,,"Albania, Coastal",,,,"The Coastal region is comprised of the following first administrative level units: Lezhë, Kurbin, Kavajë, Mallakastër, Lushnjë, Delvinë, Sarandë, Durrës, Fier, Vlorë.",,,,,,,,,,,,,,,,,,,,,,,,
ALB_Mountain_AGG008.51,,"Albania, Mountain",,,,"The Mountan region is comprised of the following first administrative level units: Kukës, Has, Tropojë, Bulqizë, Dibër, Gramsh, Librazhd.",,,,,,,,,,,,,,,,,,,,,,,,
ALB_Tirana_AL.TI_338_ALB034,,"Albania, Tirana",,,,Tirana is comprised of the metropolitan area of Tirana.,,,,,,,,,,,,,,,,,,,,,,,,
ARM,,Armenia,,,,None,,,,,,,,,,,,,,,,,,,,,,,,
ARM_Aragatsotn_AM.AG_453_ARM001,,"Armenia, Aragatsotn",,,,None,,,,,,,,,,,,,,,,,,,,,,,,
ARM_Ararat_AM.AR_454_ARM002,,"Armenia, Ararat",,,,None,,,,,,,,,,,,,,,,,,,,,,,,
ARM_Armavir_AM.AV_455_ARM003,,"Armenia, Armavir",,,,None,,,,,,,,,,,,,,,,,,,,,,,,
ARM_Gergharkunik_AM.GR_456_ARM004,,"Armenia, Gergharkunik",,,,None,,,,,,,,,,,,,,,,,,,,,,,,
ARM_Kotayk_AM.KT_457_ARM005,,"Armenia, Kotayk",,,,None,,,,,,,,,,,,,,,,,,,,,,,,
ARM_Lori_AM.LO_458_ARM006,,"Armenia, Lori",,,,None,,,,,,,,,,,,,,,,,,,,,,,,
ARM_Shirak_AM.SH_460_ARM007,,"Armenia, Shirak",,,,None,,,,,,,,,,,,,,,,,,,,,,,,
ARM_Syunik_AM.SU_461_ARM008,,"Armenia, Syunik",,,,None,,,,,,,,,,,,,,,,,,,,,,,,
ARM_Tavush_AM.TV_462_ARM009,,"Armenia, Tavush",,,,None,,,,,,,,,,,,,,,,,,,,,,,,
ARM_Vayots_Dzor_AM.VD_463_ARM010,,"Armenia, Vayots Dzor",,,,None,,,,,,,,,,,,,,,,,,,,,,,,
ARM_Yerevan_AM.ER_464_ARM011,,"Armenia, Yerevan",,,,None,,,,,,,,,,,,,,,,,,,,,,,,
BGD,,Bangladesh,,,,None,,,,,,,,,,,,,,,,,,,,,,,,
BGD_Barisal_BD.BA_574_BGD001,,"Bangladesh, Barisal",,,,None,,,,,,,,,,,,,,,,,,,,,,,,
BGD_Chittagong_BD.CG_576_BGD002,,"Bangladesh, Chittagong",,,,None,,,,,,,,,,,,,,,,,,,,,,,,
BGD_Dhaka_BD.DA_577_BGD003,,"Bangladesh, Dhaka",,,,None,,,,,,,,,,,,,,,,,,,,,,,,
BGD_Khulna_BD.KH_578_BGD004,,"Bangladesh, Khulna",,,,None,,,,,,,,,,,,,,,,,,,,,,,,
BGD_Rajshahi_BD.RJ_579_BGD005,,"Bangladesh, Rajshahi",,,,None,,,,,,,,,,,,,,,,,,,,,,,,
BGD_Sylhet_BD.SY_580_BGD006,,"Bangladesh, Sylhet",,,,None,,,,,,,,,,,,,,,,,,,,,,,,
BLR,,Belarus,,,,None,,,,,,,,,,,,,,,,,,,,,,,,
BLR_Brest_BY.BR_593_BLR001,,"Belarus, Brest",,,,None,,,,,,,,,,,,,,,,,,,,,,,,
BLR_Gomel_BY.HO_594_BLR002,,"Belarus, Gomel",,,,None,,,,,,,,,,,,,,,,,,,,,,,,
BLR_Grodno_BY.HR_595_BLR003,,"Belarus, Grodno",,,,None,,,,,,,,,,,,,,,,,,,,,,,,
BLR_Minsk_BY.MI_596_BLR004,,"Belarus, Minsk",,,,None,,,,,,,,,,,,,,,,,,,,,,,,
BLR_Minsk_City_BY.MC_39972_BLR007,,"Belarus, Minsk City",,,,None,,,,,,,,,,,,,,,,,,,,,,,,
BLR_Mogilev_BY.MO_597_BLR005,,"Belarus, Mogilev",,,,None,,,,,,,,,,,,,,,,,,,,,,,,
BLR_Vitebsk_BY.VI_598_BLR006,,"Belarus, Vitebsk",,,,None,,,,,,,,,,,,,,,,,,,,,,,,
BTN,,Bhutan,,,,None,,,,,,,,,,,,,,,,,,,,,,,,
BTN_Bumthang_BT.BU_622_BTN001,,"Bhutan, Bumthang",,,,None,,,,,,,,,,,,,,,,,,,,,,,,
BTN_Chhukha_BT.CH_623_BTN002,,"Bhutan, Chhukha",,,,None,,,,,,,,,,,,,,,,,,,,,,,,
BTN_Dagana_BT.DA_624_BTN003,,"Bhutan, Dagana",,,,None,,,,,,,,,,,,,,,,,,,,,,,,
BTN_Gasa_BT.GA_625_BTN004,,"Bhutan, Gasa",,,,None,,,,,,,,,,,,,,,,,,,,,,,,
BTN_Ha_BT.HA_626_BTN005,,"Bhutan, Ha",,,,None,,,,,,,,,,,,,,,,,,,,,,,,
BTN_Lhuentse_BT.LH_627_BTN006,,"Bhutan, Lhuentse",,,,None,,,,,,,,,,,,,,,,,,,,,,,,
BTN_Mongar_BT.MO_628_BTN007,,"Bhutan, Mongar",,,,None,,,,,,,,,,,,,,,,,,,,,,,,
BTN_Paro_BT.PR_629_BTN008,,"Bhutan, Paro",,,,None,,,,,,,,,,,,,,,,,,,,,,,,
BTN_Pemagatshel_BT.PM_630_BTN009,,"Bhutan, Pemagatshel",,,,None,,,,,,,,,,,,,,,,,,,,,,,,
BTN_Punakha_BT.PU_631_BTN010,,"Bhutan, Punakha",,,,None,,,,,,,,,,,,,,,,,,,,,,,,
BTN_Samdrup-Jonkha_BT.SJ_632_BTN011,,"Bhutan, Samdrup-Jonkha",,,,None,,,,,,,,,,,,,,,,,,,,,,,,
BTN_Samtse_BT.SM_633_BTN012,,"Bhutan, Samtse",,,,None,,,,,,,,,,,,,,,,,,,,,,,,
BTN_Sarpang_BT.SA_634_BTN013,,"Bhutan, Sarpang",,,,None,,,,,,,,,,,,,,,,,,,,,,,,
BTN_Thimphu_BT.TM_635_BTN014,,"Bhutan, Thimphu",,,,None,,,,,,,,,,,,,,,,,,,,,,,,
BTN_Trashi_Yangtse_BT.TR_636_BTN015,,"Bhutan, Trashi Yangtse",,,,None,,,,,,,,,,,,,,,,,,,,,,,,
BTN_Trashigang_BT.TG_637_BTN016,,"Bhutan, Trashigang",,,,None,,,,,,,,,,,,,,,,,,,,,,,,
BTN_Trongsa_BT.TO_638_BTN017,,"Bhutan, Trongsa",,,,None,,,,,,,,,,,,,,,,,,,,,,,,
BTN_Tsirang_BT.CR_639_BTN018,,"Bhutan, Tsirang",,,,None,,,,,,,,,,,,,,,,,,,,,,,,
BTN_Wangdue-Phodrang_BT.WA_640_BTN019,,"Bhutan, Wangdue-Phodrang",,,,None,,,,,,,,,,,,,,,,,,,,,,,,
BTN_Zhemgang_BT.SG_641_BTN020,,"Bhutan, Zhemgang",,,,None,,,,,,,,,,,,,,,,,,,,,,,,
BOL,,Bolivia,,,,None,,,,,,,,,,,,,,,,,,,,,,,,
BOL_Beni_and_Pando_AGG084.55,,"Bolivia, Beni and Pando",,,,None,,,,,,,,,,,,,,,,,,,,,,,,
BOL_Chuquisaca_BO.CH_4152_BOL002,,"Bolivia, Chuquisaca",,,,None,,,,,,,,,,,,,,,,,,,,,,,,
BOL_Cochabamba_BO.CO_4153_BOL003,,"Bolivia, Cochabamba",,,,None,,,,,,,,,,,,,,,,,,,,,,,,
BOL_La_Paz_BO.LP_4154_BOL004,,"Bolivia, La Paz",,,,None,,,,,,,,,,,,,,,,,,,,,,,,
BOL_Oruro_BO.OR_4155_BOL005,,"Bolivia, Oruro",,,,None,,,,,,,,,,,,,,,,,,,,,,,,
BOL_Potosi_BO.PO_4157_BOL007,,"Bolivia, Potosi",,,,None,,,,,,,,,,,,,,,,,,,,,,,,
BOL_Santa_Cruz_BO.SC_4158_BOL008,,"Bolivia, Santa Cruz",,,,None,,,,,,,,,,,,,,,,,,,,,,,,
BOL_Tarija_BO.TA_4159_BOL009,,"Bolivia, Tarija",,,,None,,,,,,,,,,,,,,,,,,,,,,,,
BIH,,Bosnia and Herzegovina,,,,None,,,,,,,,,,,,,,,,,,,,,,,,
BIH_Brcko_District_BA.BD_4160_BIH003,,"Bosnia and Herzegovina, Brcko",,,,None,,,,,,,,,,,,,,,,,,,,,,,,
BIH_FBIH_BA.FE_652_BIH001,,"Bosnia and Herzegovina, Federacija Bosne I Hercegovine",,,,None,,,,,,,,,,,,,,,,,,,,,,,,
BIH_Republika_Srpska_BA.RE_653_BIH002,,"Bosnia and Herzegovina, Republika Srpska",,,,None,,,,,,,,,,,,,,,,,,,,,,,,
BGR,,Bulgaria,,,,None,,,,,,,,,,,,,,,,,,,,,,,,
BGR_Severen_tsentralen_AGG011,,"Bulgaria, Severen tsentralen",,,,"Severen Tsentralen is an EU Planning Unit comprised of the following first administrative level units: Veliko Tarnovo, Gabrovo, Ruse, Razgrad, Silistra.",,,,,,,,,,,,,,,,,,,,,,,,
BGR_Severoiztochen_AGG012,,"Bulgaria, Severoiztochen",,,,"Severoiztochen is an EU Planning Unit comprised of the following first administrative level units: Varna, Dobrich, Shumen, Targovishte.",,,,,,,,,,,,,,,,,,,,,,,,
BGR_Severozapaden_AGG0106,,"Bulgaria, Severozapaden",,,,"Severozapaden is an EU Planning Unit comprised of the following first administrative level units: Vidin, Montana, Vratsa, Pleven, Lovech.",,,,,,,,,,,,,,,,,,,,,,,,
BGR_Yugoiztochen_AGG013,,"Bulgaria, Yugoiztochen",,,,"Yugoiztochen is an EU Planning Unit comprised of the following first administrative level units:  Burgas, Sliven, Yambol, Stara Zagora.",,,,,,,,,,,,,,,,,,,,,,,,
BGR_Yugozapaden_AGG076,,"Bulgaria, Yugozapaden",,,,"Yugozapaden is an EU Planning Unit comprised of the following first administrative level units: Sofia City, Sofia, Blagoevgrad, Pernik, Kyustendil.",,,,,,,,,,,,,,,,,,,,,,,,
BGR_Yuzhen_tsentralen_AGG014,,"Bulgaria, Yuzhen tsentralen",,,,"Yuzhen tsentralen is an EU Planning Unit comprised of the following first administrative level units: Plovdiv, Haskovo, Pazardzhik, Smolyan, Kardzhali.",,,,,,,,,,,,,,,,,,,,,,,,
CMR,,Cameroon,,,,None,,,,,,,,,,,,,,,,,,,,,,,,
CMR_Adamaoua_CM.AD_815_CMR001,,"Cameroon, Adamaoua",,,,None,,,,,,,,,,,,,,,,,,,,,,,,
CMR_Centre_CM.CE_816_CMR002,,"Cameroon, Centre",,,,None,,,,,,,,,,,,,,,,,,,,,,,,
CMR_Est_CM.ES_817_CMR003,,"Cameroon, Est",,,,None,,,,,,,,,,,,,,,,,,,,,,,,
CMR_Extreme-Nord_CM.EN_818_CMR004,,"Cameroon, Extreme-Nord",,,,None,,,,,,,,,,,,,,,,,,,,,,,,
CMR_Littoral_CM.LI_819_CMR008,,"Cameroon, Littoral (Coastal)",,,,None,,,,,,,,,,,,,,,,,,,,,,,,
CMR_Nord_CM.NO_820_CMR006,,"Cameroon, Nord",,,,None,,,,,,,,,,,,,,,,,,,,,,,,
CMR_Nord-Ouest_CM.NW_821_CMR007,,"Cameroon, Nord-Ouest",,,,None,,,,,,,,,,,,,,,,,,,,,,,,
CMR_Ouest_CM.OU_822_CMR005,,"Cameroon, Ouest",,,,None,,,,,,,,,,,,,,,,,,,,,,,,
CMR_Sud_CM.SU_823_CMR009,,"Cameroon, Sud",,,,None,,,,,,,,,,,,,,,,,,,,,,,,
CMR_Sud-Ouest_CM.SW_824_CMR010,,"Cameroon, Sud-Ouest",,,,None,,,,,,,,,,,,,,,,,,,,,,,,
CHL,,Chile,,,,None,,,,,,,,,,,,,,,,,,,,,,,,
CHL_Antofagasta_CL.AN_883_CHL001,,"Chile, Antofagasta",,,,None,,,,,,,,,,,,,,,,,,,,,,,,
CHL_Araucania_CL.AR_884_CHL002,,"Chile, Araucania",,,,None,,,,,,,,,,,,,,,,,,,,,,,,
CHL_Arica_12974,,"Chile, Arica",,,,None,,,,,,,,,,,,,,,,,,,,,,,,
CHL_Atacama_CL.AT_885_CHL003,,"Chile, Atacama",,,,None,,,,,,,,,,,,,,,,,,,,,,,,
CHL_Aysen_Del_Gen.d.c_CL.AY_886_CHL004,,"Chile, Aysen Del Gen.d.c.",,,,None,,,,,,,,,,,,,,,,,,,,,,,,
CHL_Bio_Bio_CL.BO_887_CHL005,,"Chile, Bio Bio",,,,None,,,,,,,,,,,,,,,,,,,,,,,,
CHL_Coquimbo_CL.CO_888_CHL006,,"Chile, Coquimbo",,,,None,,,,,,,,,,,,,,,,,,,,,,,,
CHL_Libertador_Bernardo_O_Higgins_CL.CL_889_CHL007,,"Chile, Libertador General Bernardo OHiggins",,,,None,,,,,,,,,,,,,,,,,,,,,,,,
CHL_Los_Lagos_CL.LL_890_CHL008,,"Chile, Los Lagos",,,,None,,,,,,,,,,,,,,,,,,,,,,,,
CHL_Los_Rios_CL.LR_896_5_CHL015,,"Chile, Los Rios",,,,None,,,,,,,,,,,,,,,,,,,,,,,,
CHL_Magallanes_CL.MA_891_CHL009,,"Chile, Magallanes",,,,None,,,,,,,,,,,,,,,,,,,,,,,,
CHL_Maule_CL.MU_892_CHL010,,"Chile, Maule",,,,None,,,,,,,,,,,,,,,,,,,,,,,,
CHL_Metropolitana_CL.ME_893_CHL011,,"Chile, Metropolitana",,,,None,,,,,,,,,,,,,,,,,,,,,,,,
CHL_Tarapaca_CL.TA_895_CHL013,,"Chile, Tarapaca",,,,None,,,,,,,,,,,,,,,,,,,,,,,,
CHL_Valparaiso_CL.VA_896_CHL014,,"Chile, Valparaiso",,,,None,,,,,,,,,,,,,,,,,,,,,,,,
COL,,Colombia,,,,None,,,,,,,,,,,,,,,,,,,,,,,,
COL_Antioquia_CO.AN_936_COL002,,"Colombia, Antioquia",,,,None,,,,,,,,,,,,,,,,,,,,,,,,
COL_Atlantico_CO.AT_938_COL004,,"Colombia, Atlantico",,,,None,,,,,,,,,,,,,,,,,,,,,,,,
COL_Bogota_CO.BG_13922.1_COL034,,"Colombia, Bogota",,,,None,,,,,,,,,,,,,,,,,,,,,,,,
COL_Bolivar_CO.BO_939_COL005,,"Colombia, Bolivar",,,,None,,,,,,,,,,,,,,,,,,,,,,,,
COL_Boyaca_CO.BY_940_COL006,,"Colombia, Boyaca",,,,None,,,,,,,,,,,,,,,,,,,,,,,,
COL_Caldas_CO.CL_942_COL008,,"Colombia, Caldas",,,,None,,,,,,,,,,,,,,,,,,,,,,,,
COL_Caqueta_CO.CQ_943_COL009,,"Colombia, Caqueta",,,,None,,,,,,,,,,,,,,,,,,,,,,,,
COL_Cauca_CO.CA_945_COL011,,"Colombia, Cauca",,,,None,,,,,,,,,,,,,,,,,,,,,,,,
COL_Cesar_CO.CE_946_COL012,,"Colombia, Cesar",,,,None,,,,,,,,,,,,,,,,,,,,,,,,
COL_Choco_CO.CH_947_COL013,,"Colombia, Choco",,,,None,,,,,,,,,,,,,,,,,,,,,,,,
COL_Cordoba_CO.CR_948_COL014,,"Colombia, Cordoba",,,,None,,,,,,,,,,,,,,,,,,,,,,,,
COL_Cundinamarca_CO.CU_949_COL015,,"Colombia, Cundinamarca",,,,None,,,,,,,,,,,,,,,,,,,,,,,,
COL_Guajira_CO.GU_951_COL017,,"Colombia, Guajira",,,,None,,,,,,,,,,,,,,,,,,,,,,,,
COL_Huila_CO.HU_953_COL019,,"Colombia, Huila",,,,None,,,,,,,,,,,,,,,,,,,,,,,,
COL_Magdalena_CO.MA_954_COL020,,"Colombia, Magdalena",,,,None,,,,,,,,,,,,,,,,,,,,,,,,
COL_Meta_CO.ME_955_COL021,,"Colombia, Meta",,,,None,,,,,,,,,,,,,,,,,,,,,,,,
COL_Narino_CO.NA_956_COL022,,"Colombia, NariNo",,,,None,,,,,,,,,,,,,,,,,,,,,,,,
COL_Norte_De_Santander_CO.NS_957_COL023,,"Colombia, Norte De Santander",,,,None,,,,,,,,,,,,,,,,,,,,,,,,
COL_Quindio_CO.QU_959_COL025,,"Colombia, Quindio",,,,None,,,,,,,,,,,,,,,,,,,,,,,,
COL_Risaralda_CO.RI_960_COL026,,"Colombia, Risaralda",,,,None,,,,,,,,,,,,,,,,,,,,,,,,
COL_Sucre_CO.SU_963_COL029,,"Colombia, Sucre",,,,None,,,,,,,,,,,,,,,,,,,,,,,,
COL_Tolima_CO.TO_964_COL030,,"Colombia, Tolima",,,,None,,,,,,,,,,,,,,,,,,,,,,,,
COL_Valle_Del_Cauca_CO.VC_965_COL031,,"Colombia, Valle del Cauca",,,,None,,,,,,,,,,,,,,,,,,,,,,,,
ZAR,,"Congo, Dem. Rep.",,,,None,,,,,,,,,,,,,,,,,,,,,,,,
ZAR_Bandundu_ZR.BN_1066_ZAR001,,"Congo, Dem. Rep., Bandundu",,,,None,,,,,,,,,,,,,,,,,,,,,,,,
ZAR_Bas-Congo_ZR.BC_1067_ZAR002,,"Congo, Dem. Rep., Bas-Congo",,,,None,,,,,,,,,,,,,,,,,,,,,,,,
ZAR_Equateur_ZR.EQ_1068_ZAR003,,"Congo, Dem. Rep., Equateur",,,,None,,,,,,,,,,,,,,,,,,,,,,,,
ZAR_Kasai-Occidental_ZR.KO_1069_ZAR004,,"Congo, Dem. Rep., Kasai-Occidental",,,,None,,,,,,,,,,,,,,,,,,,,,,,,
ZAR_Kasai-Oriental_ZR.KA_1070_ZAR005,,"Congo, Dem. Rep., Kasai-Oriental",,,,None,,,,,,,,,,,,,,,,,,,,,,,,
ZAR_Katanga_ZR.KT_1071_ZAR006,,"Congo, Dem. Rep., Katanga",,,,None,,,,,,,,,,,,,,,,,,,,,,,,
ZAR_Kinshasa_ZR.KN_1072_ZAR007,,"Congo, Dem. Rep., Kinshasa",,,,None,,,,,,,,,,,,,,,,,,,,,,,,
ZAR_Maniema_ZR.MA_1073_ZAR008,,"Congo, Dem. Rep., Maniema",,,,None,,,,,,,,,,,,,,,,,,,,,,,,
ZAR_Nord-Kivu_ZR.NK_1074_ZAR009,,"Congo, Dem. Rep., Nord-Kivu",,,,None,,,,,,,,,,,,,,,,,,,,,,,,
ZAR_Province_Orientale_ZR.PO_1075_ZAR010,,"Congo, Dem. Rep., Province Orientale",,,,None,,,,,,,,,,,,,,,,,,,,,,,,
ZAR_Sud-Kivu_ZR.SK_1076_ZAR011,,"Congo, Dem. Rep., Sud-Kivu",,,,None,,,,,,,,,,,,,,,,,,,,,,,,
CRI,,Costa Rica,,,,None,,,,,,,,,,,,,,,,,,,,,,,,
CRI_Brunca_AGG015,,"Costa Rica, Brunca",,,,"Region Brunca is comprised of: 1) Provincia de San José: Pérez Zeledón.
 ; 2) Provincia de Puntarenas: Buenos Aires, Osa, Golfito, Coto Brus y Corredores.",,,,,,,,,,,,,,,,,,,,,,,,
CRI_Central_AGG016,,"Costa Rica, Central",,,,"Region central is comprised of 1) Provincia de San José: San José, Escazú, Desamparados, Puriscal, Aserrí, Mora, Tarrazú, Goicoechea, Santa Ana, Alajuelita, Vásquez de Coronado, Acosta, Moravia, Tibás, Montes de Oca, Dota, Curridabat, León Cortés, Turrubares.
 ; 2) Provincia de Alajuela: Alajuela (excepto el distrito de Sarapiquí), San Ramón (excepto el distrito de San Isidro de Peñas Blancas), Grecia (excepto el distrito de Río Cuarto), Atenas, Naranjo, Palmares, Poás, Zarcero, Valverde Vega.
 ; 3) Provincia de Cartago: Cartago, Paraíso, La Unión, Jiménez, Turrialba, Alvarado, Oreamuno, El Guarco.
 ; 4)Provincia de Heredia: Heredia, Barva, Santo Domingo, Santa Bárbara, San Rafael, San Isidro, Belén, Flores, San Pablo.",,,,,,,,,,,,,,,,,,,,,,,,
CRI_Guanacaste_CR.GU_984.99_CRI003,,"Costa Rica, Guanacaste",,,,"Region Chorotega is comprised of :1) Provincia de Guanacaste: Liberia, Nicoya, Santa Cruz. Bagaces, Carrillo, Cañas, Abangares, Tilarán, Nandayure, La Cruz, Hojancha.
 ; 2) Provincia de Alajuela: Upala.",,,,,,,,,,,,,,,,,,,,,,,,
CRI_Huetar_Atlantica_AGG018,,"Costa Rica, Huetar Atlántica",,,,"Region Hueta Atlantica is comprised of: 1) Provincia de Limón: Limón, Pococí, Siquirres, Talamanca, Matina y Guácimo.
 ; 2) Provincia de Heredia: Distrito Horquetas del cantón de Sarapiquí.",,,,,,,,,,,,,,,,,,,,,,,,
CRI_Huetar_Norte_AGG019,,"Costa Rica, Huetar Norte",,,,"Region Huetar Norte is comprised of: 1) Provincia de Alajuela: San Carlos, Los Chiles, Guatuso, Distrito Sarapiquí del cantón de Alajuela, distrito Río Cuarto del cantón de Grecia, distrito San Isidro de Peñas Blancas del cantón de San Ramón.
 ; 2) Provincia de Heredia: Distritos Puerto viejo y La Virgen, del cantón de Sarapiquí",,,,,,,,,,,,,,,,,,,,,,,,
CRI_Pacífico_Central_AGG020,,"Costa Rica, Pacífico Central",,,,"Region Pacifico central is comprised of: 1) Provincia de Puntarenas: Puntarenas, Esparza, Montes de Oro, Aguirre, Parrita y Garabito.
 ; 2) Provincia de Alajuela: San Mateo y Orotina",,,,,,,,,,,,,,,,,,,,,,,,
CZE,,Czech Republic,,,,None,,,,,,,,,,,,,,,,,,,,,,,,
CZE_Jihovychod_AGG021,,"Czech Republic, Jihovýchod",,,,"Jihovýchod is an EU Planning Unit comprised of the following first administrative level units: Vysocina Region, South Moravian Region.",,,,,,,,,,,,,,,,,,,,,,,,
CZE_Jihozapad_AGG022,,"Czech Republic, Jihozápad",,,,"Jihozápad is an EU Planning Unit comprised of the following first administrative level units: South Bohemian Region, Plzen Region.",,,,,,,,,,,,,,,,,,,,,,,,
CZE_Moravskoslezsko_AGG023,,"Czech Republic, Moravskoslezsko",,,,Moravskoslezsko is an EU Planning Unit comprised of the following first administrative level units: Moravian-Silesian Region.,,,,,,,,,,,,,,,,,,,,,,,,
CZE_Praha_AGG024,,"Czech Republic, Praha",,,,Praha is an EU Planning Unit comprised of the following first administrative level units: Prague.,,,,,,,,,,,,,,,,,,,,,,,,
CZE_Severovychod_AGG025,,"Czech Republic, Severovýchod",,,,"Severovýchod is an EU Planning Unit comprised of the following first administrative level units: Liberec Region, Hradec Králové Region, Pardubice Region.",,,,,,,,,,,,,,,,,,,,,,,,
CZE_Severozapad_AGG026,,"Czech Republic, Severozápad",,,,"Severozápad is an EU Planning Unit comprised of the following first administrative level units: Karlovy Vary Region, Ústí nad Labem Region.",,,,,,,,,,,,,,,,,,,,,,,,
CZE_Stredni_Cechy_AGG027,,"Czech Republic, Strední Cechy",,,,Strední Cechy is an EU Planning Unit comprised of the following first administrative level units: Central Bohemian Region.,,,,,,,,,,,,,,,,,,,,,,,,
CZE_Stredni_Morava_AGG028,,"Czech Republic, Strední Morava",,,,"Strední Morava is an EU Planning Unit comprised of the following first administrative level units: Olomouc Region, Zlín Region.",,,,,,,,,,,,,,,,,,,,,,,,
DOM,,Dominican Republic,,,,None,,,,,,,,,,,,,,,,,,,,,,,,
DOM_Cibao_Nordeste_AGG029,,"Dominican Republic, Cibao Nordeste",,,,"Cibao Nordeste is comprised of the following first administrative level units: Duarte, Hermanas Mirabal, María Trinidad Sánchez, Samaná.",,,,,,,,,,,,,,,,,,,,,,,,
DOM_Cibao_Noroeste_AGG230.1,,"Dominican Republic, Cibao Noroeste",,,,"Cibao Noroeste is comprised of the following first administrative level units: Dajabón, Monte Cristi, Santiago Rodríguez, Valverde.",,,,,,,,,,,,,,,,,,,,,,,,
DOM_Cibao_Norte_AGG030,,"Dominican Republic, Cibao Norte",,,,"Cibao Norte is comprised of the following first administrative level units: Espaillat, Puerto Plata, Santiago.",,,,,,,,,,,,,,,,,,,,,,,,
DOM_Cibao_Sur_AGG031,,"Dominican Republic, Cibao Sur",,,,"Cibao Sur is comprised of the following first administrative level units: La Vega, Monseñor Nouel, Sánchez Ramírez.",,,,,,,,,,,,,,,,,,,,,,,,
DOM_El_Valle_AGG032,,"Dominican Republic, El Valle",,,,"El Valle is comprised of the following first administrative level units: Elías Piña, San Juan.",,,,,,,,,,,,,,,,,,,,,,,,
DOM_Enriquillo_AGG033,,"Dominican Republic, Enriquillo",,,,"Enriquillo is comprised of the following first administrative level units: Barahona, Bahoruco, Independencia, Pedernales.",,,,,,,,,,,,,,,,,,,,,,,,
DOM_Higuamo_AGG034,,"Dominican Republic, Higuamo",,,,"Higuamo is comprised of the following first administrative level units: Hato Mayor, Monte Plata, San Pedro de Macorís.",,,,,,,,,,,,,,,,,,,,,,,,
DOM_Ozama_AGG035,,"Dominican Republic, Ozama",,,,"Ozama o Metropolitana is comprised of the following first administrative level units: Distrito Nacional, Santo Domingo.",,,,,,,,,,,,,,,,,,,,,,,,
DOM_Valdesia_AGG036,,"Dominican Republic, Valdesia",,,,"Valdesia is comprised of the following first administrative level units: Azua, Peravia, San José de Ocoa, San Cristóbal.",,,,,,,,,,,,,,,,,,,,,,,,
DOM_Yuma_AGG037,,"Dominican Republic, Yuma",,,,"Yuma is comprised of the following first administrative level units: El Seibo, La Romana, La Altagracia.",,,,,,,,,,,,,,,,,,,,,,,,
ECU,,Ecuador,,,,None,,,,,,,,,,,,,,,,,,,,,,,,
ECU_Ambato_15522,,"Ecuador, Ambato",,,,None,,,,,,,,,,,,,,,,,,,,,,,,
ECU_Azuay_EC.AZ_1135_ECU001,,"Ecuador, Azuay",,,,None,,,,,,,,,,,,,,,,,,,,,,,,
ECU_Bolivar_EC.BO_1136_ECU002,,"Ecuador, Bolivar",,,,None,,,,,,,,,,,,,,,,,,,,,,,,
ECU_Canar_EC.CA_1137_ECU003,,"Ecuador, Canar",,,,None,,,,,,,,,,,,,,,,,,,,,,,,
ECU_Carchi_EC.CR_1138_ECU004,,"Ecuador, Carchi",,,,None,,,,,,,,,,,,,,,,,,,,,,,,
ECU_Chimborazo_EC.CB_1139_ECU005,,"Ecuador, Chimborazo",,,,None,,,,,,,,,,,,,,,,,,,,,,,,
ECU_Cotopaxi_EC.CT_1140_ECU006,,"Ecuador, Cotopaxi",,,,None,,,,,,,,,,,,,,,,,,,,,,,,
ECU_Cuenca_15321,,"Ecuador, Cuenca",,,,None,,,,,,,,,,,,,,,,,,,,,,,,
ECU_El_Oro_EC.EO_1141_ECU007,,"Ecuador, El Oro",,,,None,,,,,,,,,,,,,,,,,,,,,,,,
ECU_Esmeraldas_EC.ES_1142_ECU008,,"Ecuador, Esmeraldas",,,,None,,,,,,,,,,,,,,,,,,,,,,,,
ECU_Guayaquil_15423,,"Ecuador, Guayaquil",,,,None,,,,,,,,,,,,,,,,,,,,,,,,
ECU_Guayas_EC.GU_1144_ECU023,,"Ecuador, Guayas",,,,None,,,,,,,,,,,,,,,,,,,,,,,,
ECU_Imbabura_EC.IM_1145_ECU011,,"Ecuador, Imbabura",,,,None,,,,,,,,,,,,,,,,,,,,,,,,
ECU_La_Amazonia_AGG087,,"Ecuador, La Amazonía",,,,None,,,,,,,,,,,,,,,,,,,,,,,,
ECU_La_Costa_AGG086,,"Ecuador, La Costa",,,,None,,,,,,,,,,,,,,,,,,,,,,,,
ECU_La_Sierra_AGG085,,"Ecuador, La Sierra",,,,None,,,,,,,,,,,,,,,,,,,,,,,,
ECU_Loja_EC.LJ_1146_ECU012,,"Ecuador, Loja",,,,None,,,,,,,,,,,,,,,,,,,,,,,,
ECU_Los_Rios_EC.LR_1147_ECU013,,"Ecuador, Los Rios",,,,None,,,,,,,,,,,,,,,,,,,,,,,,
ECU_Machala_15376,,"Ecuador, Machala",,,,None,,,,,,,,,,,,,,,,,,,,,,,,
ECU_Manabi_EC.MN_1148_ECU014,,"Ecuador, Manabi",,,,None,,,,,,,,,,,,,,,,,,,,,,,,
ECU_Pichincha_EC.PI_1153_ECU019,,"Ecuador, Pichincha",,,,None,,,,,,,,,,,,,,,,,,,,,,,,
ECU_Quito_15512,,"Ecuador, Quito",,,,None,,,,,,,,,,,,,,,,,,,,,,,,
ECU_Santa_Elena_EC.SE_1158.5_ECU024,,"Ecuador, Santa Elena",,,,None,,,,,,,,,,,,,,,,,,,,,,,,
ECU_Santo_Domingo_15514,,"Ecuador, Santo Domingo",,,,None,,,,,,,,,,,,,,,,,,,,,,,,
ECU_Tungurahua_EC.TU_1155_ECU021,,"Ecuador, Tungurahua",,,,None,,,,,,,,,,,,,,,,,,,,,,,,
EGY,,"Egypt, Arab Rep.",,,,None,,,,,,,,,,,,,,,,,,,,,,,,
EGY_Lower_AGG088,,"Egypt, Arab Rep., Lower",,,,None,,,,,,,,,,,,,,,,,,,,,,,,
EGY_Metropolitan_AGG094,,"Egypt, Arab Rep., Metropolitan",,,,None,,,,,,,,,,,,,,,,,,,,,,,,
EGY_Upper_AGG088,,"Egypt, Arab Rep., Upper",,,,None,,,,,,,,,,,,,,,,,,,,,,,,
SLV,,El Salvador,,,,None,,,,,,,,,,,,,,,,,,,,,,,,
SLV_Ahuachapan_SV.AH_1184_SLV001,,"El Salvador, Ahuachapan",,,,None,,,,,,,,,,,,,,,,,,,,,,,,
SLV_Cabanas_SV.CA_1185_SLV002,,"El Salvador, Cabanas",,,,None,,,,,,,,,,,,,,,,,,,,,,,,
SLV_Chalatenango_SV.CH_1186_SLV003,,"El Salvador, Chalatenango",,,,None,,,,,,,,,,,,,,,,,,,,,,,,
SLV_Cuscatlan_SV.CU_1187_SLV004,,"El Salvador, Cuscatlan",,,,None,,,,,,,,,,,,,,,,,,,,,,,,
SLV_La_Libertad_SV.LL_1188_SLV005,,"El Salvador, La Libertad",,,,None,,,,,,,,,,,,,,,,,,,,,,,,
SLV_La_Paz_SV.LP_1189_SLV006,,"El Salvador, La Paz",,,,None,,,,,,,,,,,,,,,,,,,,,,,,
SLV_La_Union_SV.UN_1190_SLV007,,"El Salvador, La Union",,,,None,,,,,,,,,,,,,,,,,,,,,,,,
SLV_Morazan_SV.MO_1191_SLV008,,"El Salvador, Morazan",,,,None,,,,,,,,,,,,,,,,,,,,,,,,
SLV_San_Miguel_SV.SM_1192_SLV009,,"El Salvador, San Miguel",,,,None,,,,,,,,,,,,,,,,,,,,,,,,
SLV_San_Salvador_SV.SS_1193_SLV010,,"El Salvador, San Salvador",,,,None,,,,,,,,,,,,,,,,,,,,,,,,
SLV_San_Vicente_SV.SV_1194_SLV011,,"El Salvador, San Vicente",,,,None,,,,,,,,,,,,,,,,,,,,,,,,
SLV_Santa_Ana_SV.SA_1195_SLV012,,"El Salvador, Santa Ana",,,,None,,,,,,,,,,,,,,,,,,,,,,,,
SLV_Sonsonate_SV.SO_1196_SLV013,,"El Salvador, Sonsonate",,,,None,,,,,,,,,,,,,,,,,,,,,,,,
SLV_Usulutan_SV.US_1197_SLV014,,"El Salvador, Usulutan",,,,None,,,,,,,,,,,,,,,,,,,,,,,,
EST,,Estonia,,,,None,,,,,,,,,,,,,,,,,,,,,,,,
EST_Harju_15895,,"Estonia, Harju",,,,None,,,,,,,,,,,,,,,,,,,,,,,,
EST_Hiiumaa_EE.HI_1213_EST002,,"Estonia, Hiiumaa",,,,None,,,,,,,,,,,,,,,,,,,,,,,,
EST_Ida-Virumaa_EE.IV_1214_EST003,,"Estonia, Ida-Virumaa",,,,None,,,,,,,,,,,,,,,,,,,,,,,,
EST_Jarvamaa_EE.JA_1215_EST016,,"Estonia, Jarvamaa",,,,None,,,,,,,,,,,,,,,,,,,,,,,,
EST_Jogevamaa_EE.JO_1216_EST005,,"Estonia, Jogevamaa",,,,None,,,,,,,,,,,,,,,,,,,,,,,,
EST_Laanemaa_EE.LA_1218_EST006,,"Estonia, Laanemaa",,,,None,,,,,,,,,,,,,,,,,,,,,,,,
EST_Laane-Virumaa_EE.LV_1217_EST007,,"Estonia, Laane-Virumaa",,,,None,,,,,,,,,,,,,,,,,,,,,,,,
EST_Parnumaa_EE.PA_1219_EST008,,"Estonia, Parnumaa",,,,None,,,,,,,,,,,,,,,,,,,,,,,,
EST_Polvamaa_EE.PO_1220_EST009,,"Estonia, Polvamaa",,,,None,,,,,,,,,,,,,,,,,,,,,,,,
EST_Rapla_16058,,"Estonia, Rapla",,,,None,,,,,,,,,,,,,,,,,,,,,,,,
EST_Saare_15975,,"Estonia, Saare",,,,None,,,,,,,,,,,,,,,,,,,,,,,,
EST_Tartu_16096,,"Estonia, Tartu",,,,None,,,,,,,,,,,,,,,,,,,,,,,,
EST_Valgamaa_EE.VA_1224_EST013,,"Estonia, Valgamaa",,,,None,,,,,,,,,,,,,,,,,,,,,,,,
EST_Viljandimaa_EE.VI_1225_EST014,,"Estonia, Viljandimaa",,,,None,,,,,,,,,,,,,,,,,,,,,,,,
EST_Vorumaa_EE.VO_1226_EST015,,"Estonia, Vorumaa",,,,None,,,,,,,,,,,,,,,,,,,,,,,,
GEO,,Georgia,,,,None,,,,,,,,,,,,,,,,,,,,,,,,
GEO_Abkhazia_Aut_Rep_GE.AA_1296_GEO001,,"Georgia, Abkhazia Aut. Rep.",,,,None,,,,,,,,,,,,,,,,,,,,,,,,
GEO_Adjara_Aut_Rep_GE.AR_1297_GEO002,,"Georgia, Adjara Aut. Rep.",,,,None,,,,,,,,,,,,,,,,,,,,,,,,
GEO_Guria_GE.GU_1298_GEO003,,"Georgia, Guria",,,,None,,,,,,,,,,,,,,,,,,,,,,,,
GEO_Imereti_GE.IM_1299_GEO004,,"Georgia, Imereti",,,,None,,,,,,,,,,,,,,,,,,,,,,,,
GEO_Kakheti_GE.KA_1300_GEO005,,"Georgia, Kakheti",,,,None,,,,,,,,,,,,,,,,,,,,,,,,
GEO_Kvemo_Kartli_GE.KK_1301_GEO006,,"Georgia, Kvemo Kartli",,,,None,,,,,,,,,,,,,,,,,,,,,,,,
GEO_Mtskheta-Mtianeti_GE.MM_1302_GEO007,,"Georgia, Mtskheta-Mtianeti",,,,None,,,,,,,,,,,,,,,,,,,,,,,,
GEO_Samergelo_Zemo_Svaneti_GE.SZ_1304_GEO009,,"Georgia, Samergelo and Zemo (upper) Svaneti",,,,None,,,,,,,,,,,,,,,,,,,,,,,,
GEO_Samtskhe-Javakheti_GE.SA_1298.99_GEO008,,"Georgia, Samtskhe-Javakheti",,,,None,,,,,,,,,,,,,,,,,,,,,,,,
GEO_Shida_Kartli_GE.SD_1306_GEO011,,"Georgia, Shida Kartli",,,,None,,,,,,,,,,,,,,,,,,,,,,,,
GEO_Tbilisi_GE.TB_1307_GEO012,,"Georgia, Tbilisi",,,,None,,,,,,,,,,,,,,,,,,,,,,,,
GTM,,Guatemala,,,,None,,,,,,,,,,,,,,,,,,,,,,,,
GTM_Central_AGG096,,"Guatemala, Central",,,,None,,,,,,,,,,,,,,,,,,,,,,,,
GTM_Metropolitana_AGG097,,"Guatemala, Metropolitana",,,,None,,,,,,,,,,,,,,,,,,,,,,,,
GTM_Noroccidental_AGG098,,"Guatemala, Noroccidental",,,,None,,,,,,,,,,,,,,,,,,,,,,,,
GTM_Nororiental_AGG099,,"Guatemala, Nororiental",,,,None,,,,,,,,,,,,,,,,,,,,,,,,
GTM_Norte_AGG100,,"Guatemala, Norte",,,,None,,,,,,,,,,,,,,,,,,,,,,,,
GTM_Peten_AGG101,,"Guatemala, Petén",,,,None,,,,,,,,,,,,,,,,,,,,,,,,
GTM_Suroccidental_AGG102,,"Guatemala, Suroccidental",,,,None,,,,,,,,,,,,,,,,,,,,,,,,
GTM_Suroriental_AGG103,,"Guatemala, Suroriental",,,,None,,,,,,,,,,,,,,,,,,,,,,,,
GIN,,Guinea,,,,None,,,,,,,,,,,,,,,,,,,,,,,,
GIN_Boke_GN.BO_40700_GIN001,,"Guinea, Boke",,,,None,,,,,,,,,,,,,,,,,,,,,,,,
GIN_Conakry_GN.CO_40701_GIN002,,"Guinea, Conakry",,,,None,,,,,,,,,,,,,,,,,,,,,,,,
GIN_Faranah_GN.FA_40702_GIN003,,"Guinea, Faranah",,,,None,,,,,,,,,,,,,,,,,,,,,,,,
GIN_Kankan_GN.KA_40703_GIN004,,"Guinea, Kankan",,,,None,,,,,,,,,,,,,,,,,,,,,,,,
GIN_Kindia_GN.KI_40704_GIN005,,"Guinea, Kindia",,,,None,,,,,,,,,,,,,,,,,,,,,,,,
GIN_Labe_GN.LA_40705_GIN006,,"Guinea, Labe",,,,None,,,,,,,,,,,,,,,,,,,,,,,,
GIN_Mamou_GN.MA_40706_GIN007,,"Guinea, Mamou",,,,None,,,,,,,,,,,,,,,,,,,,,,,,
GIN_N_Zerekore_GN.ZE_40707_GIN008,,"Guinea, NZerekore",,,,None,,,,,,,,,,,,,,,,,,,,,,,,
HTI,,Haiti,,,,None,,,,,,,,,,,,,,,,,,,,,,,,
HTI_Centre_HT.CE_1410_HTI001,,"Haiti, Centre",,,,None,,,,,,,,,,,,,,,,,,,,,,,,
HTI_Grand_Anse_HT.GA_72911_HTI002,,"Haiti, GrandAnse",,,,None,,,,,,,,,,,,,,,,,,,,,,,,
HTI_L_Artibonite_HT.AR_1409_HTI003,,"Haiti, LArtibonite",,,,None,,,,,,,,,,,,,,,,,,,,,,,,
HTI_Nippes_HT.NI_72912_HTI004,,"Haiti, Nippes",,,,None,,,,,,,,,,,,,,,,,,,,,,,,
HTI_Nord_HT.NO_1412_HTI005,,"Haiti, Nord",,,,None,,,,,,,,,,,,,,,,,,,,,,,,
HTI_Nord-Est_HT.NE_1413_HTI006,,"Haiti, Nord-Est",,,,None,,,,,,,,,,,,,,,,,,,,,,,,
HTI_Nord-Ouest_HT.NR_1414_HTI007,,"Haiti, Nord-Ouest",,,,None,,,,,,,,,,,,,,,,,,,,,,,,
HTI_Ouest_HT.OU_1415_HTI008,,"Haiti, Ouest",,,,None,,,,,,,,,,,,,,,,,,,,,,,,
HTI_Sud_HT.SU_1416_HTI009,,"Haiti, Sud",,,,None,,,,,,,,,,,,,,,,,,,,,,,,
HTI_Sud-Est_HT.SE_1417_HTI010,,"Haiti, Sud-Est",,,,None,,,,,,,,,,,,,,,,,,,,,,,,
HUN,,Hungary,,,,None,,,,,,,,,,,,,,,,,,,,,,,,
HUN_Central_Hungary_AGG040,,"Hungary, Central Hungary",,,,"Közép-Magyarország is an EU Planning Unit comprised of the following first administrative level units (counties): Budapest, Pest.",,,,,,,,,,,,,,,,,,,,,,,,
HUN_Northern_Great_Plain_AGG041,,"Hungary, Northern Great Plain",,,,"Alföld és Észak is an EU Planning Unit comprised of the following first administrative level units (counties): Borsod-Abaúj-Zemplén, Heves, Nógrád, Hajdú-Bihar, Jász-Nagykun-Szolnok, Szabolcs-Szatmár-Bereg, Bács-Kiskun, Békés, Csongrád.",,,,,,,,,,,,,,,,,,,,,,,,
HUN_Southern_Transdanubia_AGG104,,"Hungary, Southern Transdanubia",,,,"Dunántúl is an EU Planning Unit comprised of the following first administrative level units (counties): Fejér, Komárom-Esztergom, Veszprém, Gyor-Moson-Sopron,Vas, Zala, Baranya, Somogy, Tolna.",,,,,,,,,,,,,,,,,,,,,,,,
IND,,India,,,,None,,,,,,,,,,,,,,,,,,,,,,,,
IND_Andaman_and_Nicobar_IN.AN_1484_IND001,,"India, Andaman and Nicobar  Islands",,,,None,,,,,,,,,,,,,,,,,,,,,,,,
IND_Andhra_Pradesh_IN.AP_1485_IND002,,"India, Andhra Pradesh",,,,None,,,,,,,,,,,,,,,,,,,,,,,,
IND_Arunachal_Pradesh_IN.AR_70072_IND003,,"India, Arunachal pradesh",,,,None,,,,,,,,,,,,,,,,,,,,,,,,
IND_Assam_IN.AS_1487_IND004,,"India, Assam",,,,None,,,,,,,,,,,,,,,,,,,,,,,,
IND_Bihar_IN.BR_70073_IND037,,"India, Bihar",,,,None,,,,,,,,,,,,,,,,,,,,,,,,
IND_Chandigarh_IN.CH_70074_IND006,,"India, Chandigarh",,,,None,,,,,,,,,,,,,,,,,,,,,,,,
IND_Chhattisgarh_IN.CT_70075_IND033,,"India, Chhattisgarh",,,,None,,,,,,,,,,,,,,,,,,,,,,,,
IND_Dadra_Nagar_Haveli_IN.DN_70076_IND007,,"India, Dadra and Nagar Haveli",,,,None,,,,,,,,,,,,,,,,,,,,,,,,
IND_Daman_Diu_IN.DD_70077_IND008,,"India, Daman and Diu",,,,None,,,,,,,,,,,,,,,,,,,,,,,,
IND_Delhi_IN.DL_1489_IND009,,"India, Delhi",,,,None,,,,,,,,,,,,,,,,,,,,,,,,
IND_Goa_IN.GA_1490_IND010,,"India, Goa",,,,None,,,,,,,,,,,,,,,,,,,,,,,,
IND_Gujarat_IN.GJ_1491_IND011,,"India, Gujarat",,,,None,,,,,,,,,,,,,,,,,,,,,,,,
IND_Haryana_IN.HR_1492_IND012,,"India, Haryana",,,,None,,,,,,,,,,,,,,,,,,,,,,,,
IND_Himachal_Pradesh_IN.HP_1493_IND013,,"India, Himachal Pradesh",,,,None,,,,,,,,,,,,,,,,,,,,,,,,
IND_Jammu_Kashmir_IN.JK_75200_IND014,,"India, Jammu/Kashmir",,,,None,,,,,,,,,,,,,,,,,,,,,,,,
IND_Jharkhand_IN.JH_70078_IND038,,"India, Jharkhand",,,,None,,,,,,,,,,,,,,,,,,,,,,,,
IND_Karnataka_IN.KA_1494_IND015,,"India, Karnataka",,,,None,,,,,,,,,,,,,,,,,,,,,,,,
IND_Kerala_IN.KL_1495_IND016,,"India, Kerala",,,,None,,,,,,,,,,,,,,,,,,,,,,,,
IND_Lakshadweep_IN.LD_1496_IND017,,"India, Lakshadweep",,,,None,,,,,,,,,,,,,,,,,,,,,,,,
IND_Madhya_Pradesh_IN.MP_70079_IND018,,"India, Madhya Pradesh",,,,None,,,,,,,,,,,,,,,,,,,,,,,,
IND_Maharashtra_IN.MH_1498_IND019,,"India, Maharashtra",,,,None,,,,,,,,,,,,,,,,,,,,,,,,
IND_Manipur_IN.MN_1500_IND020,,"India, Manipur",,,,None,,,,,,,,,,,,,,,,,,,,,,,,
IND_Meghalaya_IN.ML_1501_IND021,,"India, Meghalaya",,,,None,,,,,,,,,,,,,,,,,,,,,,,,
IND_Mizoram_IN.MZ_1502_IND022,,"India, Mizoram",,,,None,,,,,,,,,,,,,,,,,,,,,,,,
IND_Nagaland_IN.NL_1503_IND023,,"India, Nagaland",,,,None,,,,,,,,,,,,,,,,,,,,,,,,
IND_Orissa_IN.OR_1504_IND024,,"India, Orissa",,,,None,,,,,,,,,,,,,,,,,,,,,,,,
IND_Puducherry_IN.PU_70080_IND025,,"India, Puducherry",,,,None,,,,,,,,,,,,,,,,,,,,,,,,
IND_Punjab_IN.PB_1505_IND026,,"India, Punjab",,,,None,,,,,,,,,,,,,,,,,,,,,,,,
IND_Rajasthan_IN.RJ_1506_IND027,,"India, Rajasthan",,,,None,,,,,,,,,,,,,,,,,,,,,,,,
IND_Sikkim_IN.SK_1507_IND028,,"India, Sikkim",,,,None,,,,,,,,,,,,,,,,,,,,,,,,
IND_Tamil_Nadu_IN.TN_1508_IND029,,"India, Tamil Nadu",,,,None,,,,,,,,,,,,,,,,,,,,,,,,
IND_Tripura_IN.TR_1509_IND030,,"India, Tripura",,,,None,,,,,,,,,,,,,,,,,,,,,,,,
IND_Uttar_Pradesh_IN.UP_70081_IND035,,"India, Uttar Pradesh",,,,None,,,,,,,,,,,,,,,,,,,,,,,,
IND_Uttarakhand_IN.UT_70082_IND031,,"India, Uttarakhand",,,,None,,,,,,,,,,,,,,,,,,,,,,,,
IND_West_Bengal_IN.WB_1511_IND032,,"India, West Bengal",,,,None,,,,,,,,,,,,,,,,,,,,,,,,
IDN_Bali_ID.BA_1513_IDN002,,"Indonesia, Bali, Prop.",,,,None,,,,,,,,,,,,,,,,,,,,,,,,
IDN_Banten_ID.BT_73610_IDN031,,"Indonesia, Banten, Prop.",,,,None,,,,,,,,,,,,,,,,,,,,,,,,
IDN_Bengkulu_ID.BE_1514_IDN003,,"Indonesia, Bengkulu, Prop.",,,,None,,,,,,,,,,,,,,,,,,,,,,,,
IDN_D_I_Yogyakarta_ID.DY_1515_IDN005,,"Indonesia, DI Yogyakarta, Prop.",,,,None,,,,,,,,,,,,,,,,,,,,,,,,
IDN_Dki_Jakarta_ID.DJ_1516_IDN007,,"Indonesia, DKI Jakarta, Prop.",,,,None,,,,,,,,,,,,,,,,,,,,,,,,
IDN_Gorontalo_ID.GO_73611_IDN034,,"Indonesia, Gorontalo, Prop.",,,,None,,,,,,,,,,,,,,,,,,,,,,,,
IDN_Jambi_ID.JA_1518_IDN006,,"Indonesia, Jambi, Prop.",,,,None,,,,,,,,,,,,,,,,,,,,,,,,
IDN_Jawa_Barat_ID.JB_73613_IDN035,,"Indonesia, Jawa Barat, Prop.",,,,None,,,,,,,,,,,,,,,,,,,,,,,,
IDN_Jawa_Tengah_ID.JT_1520_IDN008,,"Indonesia, Jawa Tengah, Prop.",,,,None,,,,,,,,,,,,,,,,,,,,,,,,
IDN_Jawa_Timur_ID.TI_1521_IDN009,,"Indonesia, Jawa Timur, Prop.",,,,None,,,,,,,,,,,,,,,,,,,,,,,,
IDN_Kalimantan_Barat_ID.KB_1522_IDN010,,"Indonesia, Kalimantan Barat, Prop.",,,,None,,,,,,,,,,,,,,,,,,,,,,,,
IDN_Kalimantan_Selatan_ID.KS_1523_IDN011,,"Indonesia, Kalimantan selatan, Prop.",,,,None,,,,,,,,,,,,,,,,,,,,,,,,
IDN_Kalimantan_Tengah_ID.KT_1524_IDN012,,"Indonesia, Kalimantan Tengah, Prop.",,,,None,,,,,,,,,,,,,,,,,,,,,,,,
IDN_Kalimantan_Timur_ID.KA_1525_IDN013,,"Indonesia, Kalimantan Timur, Prop.",,,,None,,,,,,,,,,,,,,,,,,,,,,,,
IDN_Bangka_Belitung_ID.BB_73609_IDN004,,"Indonesia, Kepulauan Bangka-Belitung, Prop.",,,,None,,,,,,,,,,,,,,,,,,,,,,,,
IDN_Kepulauan_Riau_ID.KR_73614_IDN017,,"Indonesia, Kepulauan Riau, Prop.",,,,None,,,,,,,,,,,,,,,,,,,,,,,,
IDN_Lampung_ID.LA_1526_IDN014,,"Indonesia, Lampung, Prop.",,,,None,,,,,,,,,,,,,,,,,,,,,,,,
IDN_Maluku_Utara_ID.MU_73616_IDN016,,"Indonesia, Maluku Utara, Prop.",,,,None,,,,,,,,,,,,,,,,,,,,,,,,
IDN_Maluku_ID.MA_73615_IDN015,,"Indonesia, Maluku, Prop.",,,,None,,,,,,,,,,,,,,,,,,,,,,,,
IDN_Nangroe_Aceh_Darussalam_ID.AD_1512_IDN020,,"Indonesia, Nangroe Aceh Darussalam, Prop.",,,,None,,,,,,,,,,,,,,,,,,,,,,,,
IDN_Nusa_Tenggara_Barat_ID.NB_1528_IDN022,,"Indonesia, Nusa Tenggara Barat, Prop.",,,,None,,,,,,,,,,,,,,,,,,,,,,,,
IDN_Nusa_Tenggara_Timur_ID.NT_1529_IDN025,,"Indonesia, Nusa Tenggara Timur, Prop.",,,,None,,,,,,,,,,,,,,,,,,,,,,,,
IDN_Papua_Barat_ID.PB_73612_IDN036,,"Indonesia, Papua Barat, Prop.",,,,None,,,,,,,,,,,,,,,,,,,,,,,,
IDN_Papua_ID.PA_73617_IDN030,,"Indonesia, Papua, Prop.",,,,None,,,,,,,,,,,,,,,,,,,,,,,,
IDN_Riau_ID.RI_73618_IDN037,,"Indonesia, Riau, Prop.",,,,None,,,,,,,,,,,,,,,,,,,,,,,,
IDN_Sulawesi_Barat_ID.SB_73619_IDN038,,"Indonesia, Sulawesi Barat, Prop.",,,,None,,,,,,,,,,,,,,,,,,,,,,,,
IDN_Sulawesi_Selatan_ID.SS_73620_IDN021,,"Indonesia, Sulawesi Selatan, Prop.",,,,None,,,,,,,,,,,,,,,,,,,,,,,,
IDN_Sulawesi_Tengah_ID.ST_1532_IDN023,,"Indonesia, Sulawesi Tengah, Prop.",,,,None,,,,,,,,,,,,,,,,,,,,,,,,
IDN_Sulawesi_Tenggara_ID.TE_1533_IDN029,,"Indonesia, Sulawesi Tenggara, Prop.",,,,None,,,,,,,,,,,,,,,,,,,,,,,,
IDN_Sulawesi_Utara_ID.SU_73621_IDN024,,"Indonesia, Sulawesi Utara, Prop.",,,,None,,,,,,,,,,,,,,,,,,,,,,,,
IDN_Sumatera_Barat_ID.BR_1535_IDN026,,"Indonesia, Sumatera Barat, Prop.",,,,None,,,,,,,,,,,,,,,,,,,,,,,,
IDN_Sumatera_Selatan_ID.SM_73622_IDN027,,"Indonesia, Sumatera Selatan, Prop.",,,,None,,,,,,,,,,,,,,,,,,,,,,,,
IDN_Sumatera_Utara_ID.SA_1537_IDN028,,"Indonesia, Sumatera Utara, Prop.",,,,None,,,,,,,,,,,,,,,,,,,,,,,,
IRQ,,Iraq,,,,None,,,,,,,,,,,,,,,,,,,,,,,,
IRQ_Anbar_IQ.AN_1564_IRQ007,,"Iraq, Anbar",,,,None,,,,,,,,,,,,,,,,,,,,,,,,
IRQ_Arbil_IQ.AR_1569_IRQ001,,"Iraq, Arbil",,,,None,,,,,,,,,,,,,,,,,,,,,,,,
IRQ_As_Sulaymaniyah_IQ.AS_1580_IRQ004,,"Iraq, As Sulaymaniyah",,,,None,,,,,,,,,,,,,,,,,,,,,,,,
IRQ_Babil_IQ.BA_1571_IRQ005,,"Iraq, Babil",,,,None,,,,,,,,,,,,,,,,,,,,,,,,
IRQ_Baghdad_IQ.BG_1572_IRQ010,,"Iraq, Baghdad",,,,None,,,,,,,,,,,,,,,,,,,,,,,,
IRQ_Basrah_IQ.BS_1565_IRQ006,,"Iraq, Basrah",,,,None,,,,,,,,,,,,,,,,,,,,,,,,
IRQ_Dahuk_IQ.DA_1574_IRQ013,,"Iraq, Dahuk",,,,None,,,,,,,,,,,,,,,,,,,,,,,,
IRQ_Diala_IQ.DI_1575_IRQ008,,"Iraq, Diala",,,,None,,,,,,,,,,,,,,,,,,,,,,,,
IRQ_Kerbala_IQ.KE_1576_IRQ009,,"Iraq, Kerbala",,,,None,,,,,,,,,,,,,,,,,,,,,,,,
IRQ_Kirkuk_36842,,"Iraq, Kirkuk",,,,None,,,,,,,,,,,,,,,,,,,,,,,,
IRQ_Missan_IQ.MI_1577_IRQ011,,"Iraq, Missan",,,,None,,,,,,,,,,,,,,,,,,,,,,,,
IRQ_Muthanna_IQ.MU_1566_IRQ002,,"Iraq, Muthanna",,,,None,,,,,,,,,,,,,,,,,,,,,,,,
IRQ_Najaf_IQ.NA_1568_IRQ003,,"Iraq, Najaf",,,,None,,,,,,,,,,,,,,,,,,,,,,,,
IRQ_Ninevah_IQ.NI_1578_IRQ012,,"Iraq, Ninevah",,,,None,,,,,,,,,,,,,,,,,,,,,,,,
IRQ_Qadisiyah_IQ.QA_1567_IRQ014,,"Iraq, Qadisiyah",,,,None,,,,,,,,,,,,,,,,,,,,,,,,
IRQ_Salaheldin_IQ.SA_1579_IRQ015,,"Iraq, Salaheldin",,,,None,,,,,,,,,,,,,,,,,,,,,,,,
IRQ_Thiqar_IQ.TH_1573_IRQ017,,"Iraq, Thiqar",,,,None,,,,,,,,,,,,,,,,,,,,,,,,
IRQ_Wasit_IQ.WA_1581_IRQ018,,"Iraq, Wasit",,,,None,,,,,,,,,,,,,,,,,,,,,,,,
JOR_Ajloun_JO.AJ_1701_JOR001,,"Jordan, Ajloun",,,,None,,,,,,,,,,,,,,,,,,,,,,,,
JOR_Al_Aqabah_JO.AA_1703_JOR002,,"Jordan, Al Aqabah",,,,None,,,,,,,,,,,,,,,,,,,,,,,,
JOR_Al_Balqa_JO.AB_1702_JOR006,,"Jordan, Al Balqa",,,,None,,,,,,,,,,,,,,,,,,,,,,,,
JOR_Al_Karak_JO.AK_1704_JOR003,,"Jordan, Al Karak",,,,None,,,,,,,,,,,,,,,,,,,,,,,,
JOR_Al_Mafraq_JO.MA_1711_JOR004,,"Jordan, Al Mafraq",,,,None,,,,,,,,,,,,,,,,,,,,,,,,
JOR_Amman_JO.AM_1705_JOR005,,"Jordan, Amman",,,,None,,,,,,,,,,,,,,,,,,,,,,,,
JOR_At_Tafilah_JO.AT_1706_JOR008,,"Jordan, At Tafilah",,,,None,,,,,,,,,,,,,,,,,,,,,,,,
JOR_Az_Zarqa_JO.AZ_1712_JOR007,,"Jordan, Az Zarqa",,,,None,,,,,,,,,,,,,,,,,,,,,,,,
JOR_Irbid_JO.IR_1707_JOR009,,"Jordan, Irbid",,,,None,,,,,,,,,,,,,,,,,,,,,,,,
JOR_Jarash_JO.JA_1708_JOR010,,"Jordan, Jarash",,,,None,,,,,,,,,,,,,,,,,,,,,,,,
JOR_Ma-an_JO.MN_1709_JOR011,,"Jordan, Maan",,,,None,,,,,,,,,,,,,,,,,,,,,,,,
JOR_Madaba_JO.MD_1710_JOR012,,"Jordan, Madaba",,,,None,,,,,,,,,,,,,,,,,,,,,,,,
KAZ,,Kazakhstan,,,,None,,,,,,,,,,,,,,,,,,,,,,,,
KAZ_Akmolinskaya_KZ.AK_1714_KAZ001,,"Kazakhstan, Akmolinskaya",,,,None,,,,,,,,,,,,,,,,,,,,,,,,
KAZ_Aktyubinskaya_KZ.AT_1715_KAZ002,,"Kazakhstan, Aktyubinskaya",,,,None,,,,,,,,,,,,,,,,,,,,,,,,
KAZ_Almatinskaya_KZ.AL_1716_KAZ003,,"Kazakhstan, Almatinskaya",,,,None,,,,,,,,,,,,,,,,,,,,,,,,
KAZ_Almaty_City_area_KZ.AC_37157_KAZ004,,"Kazakhstan, Almaty city area",,,,None,,,,,,,,,,,,,,,,,,,,,,,,
KAZ_Atyrauskaya_KZ.AY_1717_KAZ005,,"Kazakhstan, Atyrauskaya",,,,None,,,,,,,,,,,,,,,,,,,,,,,,
KAZ_East_KZ.EA_1728_KAZ015,,"Kazakhstan, East",,,,None,,,,,,,,,,,,,,,,,,,,,,,,
KAZ_Karagandinskaya_KZ.KA_1719_KAZ006,,"Kazakhstan, Karagandinskaya",,,,None,,,,,,,,,,,,,,,,,,,,,,,,
KAZ_Kostanayskaya_KZ.KU_1720_KAZ008,,"Kazakhstan, Kostanaiskaya",,,,None,,,,,,,,,,,,,,,,,,,,,,,,
KAZ_Kyzylordinskaya_KZ.KY_1721_KAZ009,,"Kazakhstan, Kyzylordinskaya",,,,None,,,,,,,,,,,,,,,,,,,,,,,,
KAZ_Mangistauskaya_KZ.MA_1724_KAZ010,,"Kazakhstan, Mangistauskaya",,,,None,,,,,,,,,,,,,,,,,,,,,,,,
KAZ_North_KZ.NO_1726_KAZ012,,"Kazakhstan, North",,,,None,,,,,,,,,,,,,,,,,,,,,,,,
KAZ_Pavlodarskaya_KZ.PA_1725_KAZ011,,"Kazakhstan, Pavlodarskaya",,,,None,,,,,,,,,,,,,,,,,,,,,,,,
KAZ_South_KZ.SO_1727_KAZ013,,"Kazakhstan, South",,,,None,,,,,,,,,,,,,,,,,,,,,,,,
KAZ_West_KZ.WE_1729_KAZ016,,"Kazakhstan, West",,,,None,,,,,,,,,,,,,,,,,,,,,,,,
KAZ_Zhambylskaya_37205,,"Kazakhstan, Zhambylskaya",,,,None,,,,,,,,,,,,,,,,,,,,,,,,
KAZ_Astana_City_area_KZ.AS_1714.77_KAZ017,,"Kazakstan, Astana city",,,,None,,,,,,,,,,,,,,,,,,,,,,,,
KGZ,,Kyrgyz Republic,,,,None,,,,,,,,,,,,,,,,,,,,,,,,
KGZ_Batken_KG.BA_1746_KGZ001,,"Kyrgyz Republic, Batken",,,,None,,,,,,,,,,,,,,,,,,,,,,,,
KGZ_Bishkek_City_KG.BI_1746.55_KGZ004,,"Kyrgyz Republic, Bishkek City",,,,None,,,,,,,,,,,,,,,,,,,,,,,,
KGZ_Chui_18596,,"Kyrgyz Republic, Chui",,,,None,,,,,,,,,,,,,,,,,,,,,,,,
KGZ_Issyk-kul_KG.YK_1752_KGZ008,,"Kyrgyz Republic, Isssyk-kul",,,,None,,,,,,,,,,,,,,,,,,,,,,,,
KGZ_Jalal-abad_KG.JA_1748_KGZ003,,"Kyrgyz Republic, Jalal-Abad",,,,None,,,,,,,,,,,,,,,,,,,,,,,,
KGZ_Naryn_KG.NA_1749_KGZ005,,"Kyrgyz Republic, Naryn",,,,None,,,,,,,,,,,,,,,,,,,,,,,,
KGZ_Osh_KG.OS_1750_KGZ006,,"Kyrgyz Republic, Osh",,,,None,,,,,,,,,,,,,,,,,,,,,,,,
KGZ_Talas_KG.TL_1751_KGZ007,,"Kyrgyz Republic, Talas",,,,None,,,,,,,,,,,,,,,,,,,,,,,,
LAO,,Lao PDR,,,,None,,,,,,,,,,,,,,,,,,,,,,,,
LAO_Attapu_LA.AT_1753_LAO001,,"Lao PDR, Attapeu",,,,None,,,,,,,,,,,,,,,,,,,,,,,,
LAO_Bokeo_LA.BK_1754_LAO002,,"Lao PDR, Bokeo",,,,None,,,,,,,,,,,,,,,,,,,,,,,,
LAO_Bolikhamsai_LA.BL_1755_LAO003,,"Lao PDR, Bolikhamsai",,,,None,,,,,,,,,,,,,,,,,,,,,,,,
LAO_Champasak_LA.CH_1756_LAO004,,"Lao PDR, Champasak",,,,None,,,,,,,,,,,,,,,,,,,,,,,,
LAO_Hou_Phan_LA.HO_1757_LAO005,,"Lao PDR, Hua Phan",,,,None,,,,,,,,,,,,,,,,,,,,,,,,
LAO_Khammouane_LA.KH_1758_LAO006,,"Lao PDR, Khammouane",,,,None,,,,,,,,,,,,,,,,,,,,,,,,
LAO_Luang_Namtha_LA.LN_1760_LAO007,,"Lao PDR, Luang Namtha",,,,None,,,,,,,,,,,,,,,,,,,,,,,,
LAO_Luang_Prabang_LA.LO_1759_LAO008,,"Lao PDR, Luang Prabang",,,,None,,,,,,,,,,,,,,,,,,,,,,,,
LAO_Oudomxay_LA.OU_1761_LAO009,,"Lao PDR, Oudomxay",,,,None,,,,,,,,,,,,,,,,,,,,,,,,
LAO_Phongsaly_18700,,"Lao PDR, Phongsaly",,,,None,,,,,,,,,,,,,,,,,,,,,,,,
LAO_Saravane_18707,,"Lao PDR, Saravane",,,,None,,,,,,,,,,,,,,,,,,,,,,,,
LAO_Savannakhet_LA.SV_1764_LAO012,,"Lao PDR, Savannakhet",,,,None,,,,,,,,,,,,,,,,,,,,,,,,
LAO_Sekong_LA.SE_1764.5_LAO15,,"Lao PDR, Sekong",,,,None,,,,,,,,,,,,,,,,,,,,,,,,
LAO_Vientiane_LA.VI_74346_LAO021,,"Lao PDR, Vientiane",,,,None,,,,,,,,,,,,,,,,,,,,,,,,
LAO_Xayabury_18731,,"Lao PDR, Xayabury",,,,None,,,,,,,,,,,,,,,,,,,,,,,,
LAO_Xaysomboun_74348,,"Lao PDR, Xaysomboun",,,,None,,,,,,,,,,,,,,,,,,,,,,,,
LVA,,Latvia,,,,None,,,,,,,,,,,,,,,,,,,,,,,,
LVA_Kurzeme_AGG107,,"Latvia, Kurzeme",,,,"Kurzeme is a Statistical Region of Latvia comprised of the following areas: Aizpute, Alsunga, Broceni, Dundaga, Durbe, Grobina, Kuldiga, Liepaja, Mersrags, Nica, Pavilosta, Priekule, Roja, Rucava, Saldus, Skrunda, Talsi, Vainode, Ventspils, Ventspils.",,,,,,,,,,,,,,,,,,,,,,,,
LVA_Latgale_AGG108,,"Latvia, Latgale",,,,"Latgale is a Statistical Region of Latvia comprised of the following areas: Aglona, Baltinava, Balvi, Cibla, Dagda, Daugavpils, Daugavpils, Ilukste, Karsava, Kraslava, Livani, Ludza, Preili, Rezekne, Rezekne, Riebini, Rugaji, Varkava, Vilaka, Vilani, Zilupe.",,,,,,,,,,,,,,,,,,,,,,,,
LVA_Pieriga_AGG109,,"Latvia, Pieriga",,,,"Pieriga is a Statistical Region of Latvia comprised of the following areas: Aloja, Adaži, Babite, Baldone, Carnikava, Engure, Garkalne, Ikškile, Incukalns., Jaunpils, Jurmala, Kandava, Krimulda, Kegums, Kekava, Lielvarde, Limbaži, Malpils, Marupe, Ogre, Olaine, Ropaži, Salacgriva, Salaspils, Saulkrasti, Seja, Sigulda, Stopini, Tukums.",,,,,,,,,,,,,,,,,,,,,,,,
LVA_Riga_AGG110,,"Latvia, Riga",,,,Riga is a Statistical Region of Latvia comprised of the following areas: Riga (capital city).,,,,,,,,,,,,,,,,,,,,,,,,
LVA_Vidzeme_AGG111,,"Latvia, Vidzeme",,,,"Vidzeme is a Statistical Region of Latvia comprised of the following areas: Aluksne, Amata, Ape, Beverina, Burtnieki, Cesvaine, Cesis, Ergli, Gulbene, Jaunpiebalga, Koceni, Ligatne, Lubana, Madona, Mazsalaca, Naukšeni, Pargauja, Priekuli, Rauna, Rujiena, Smiltene, Strenci, Valka, Valmiera, Varaklani, Vecpiebalga.",,,,,,,,,,,,,,,,,,,,,,,,
LVA_Zemgale_AGG112,,"Latvia, Zemgale",,,,"Zemgale is a Statistical Region of Latvia comprised of the following areas: Aizkraukle, Akniste, Auce, Bauska, Dobele, Iecava, Jaunjelgava, Jelgava, Jelgava, Jekabpils, Jekabpils, Koknese, Krustpils, Nereta, Ozolnieki, Plavinas, Rundale, Sala, Skriveri, Tervete, Vecumnieki, Viesite.",,,,,,,,,,,,,,,,,,,,,,,,
LBN,,Lebanon,,,,None,,,,,,,,,,,,,,,,,,,,,,,,
LBN_Beirut_LB.BY_1798_LBN002,,"Lebanon, Beirut",,,,None,,,,,,,,,,,,,,,,,,,,,,,,
LBN_Beqaa_LB.BE_1797_LBN001,,"Lebanon, Beqaa",,,,None,,,,,,,,,,,,,,,,,,,,,,,,
LBN_Liban_Nord_LB.LN_1799_LBN003,,"Lebanon, Liban Nord",,,,None,,,,,,,,,,,,,,,,,,,,,,,,
LBN_Liban_Sud_LB.SU_1800_LBN004,,"Lebanon, Liban Sud",,,,None,,,,,,,,,,,,,,,,,,,,,,,,
LBN_Mont_Liban_LB.ML_1801_LBN005,,"Lebanon, Mont Liban",,,,None,,,,,,,,,,,,,,,,,,,,,,,,
LBN_Nabatieh_LB.NA_1802_LBN006,,"Lebanon, Nabatieh",,,,None,,,,,,,,,,,,,,,,,,,,,,,,
LBR,,Liberia,,,,None,,,,,,,,,,,,,,,,,,,,,,,,
LBR_Bomi_LR.BM_1814_LBR001,,"Liberia, Bomi",,,,None,,,,,,,,,,,,,,,,,,,,,,,,
LBR_Bong_LR.BG_1815_LBR002,,"Liberia, Bong",,,,None,,,,,,,,,,,,,,,,,,,,,,,,
LBR_Gbarpolu_LR.GP_1816_LBR003,,"Liberia, Gbarpolu",,,,None,,,,,,,,,,,,,,,,,,,,,,,,
LBR_Grand_Bassa_LR.GB_1817_LBR004,,"Liberia, Grand Bassa",,,,None,,,,,,,,,,,,,,,,,,,,,,,,
LBR_Grand_Cape_Mount_LR.CM_1818_LBR005,,"Liberia, Grand Cape Mount",,,,None,,,,,,,,,,,,,,,,,,,,,,,,
LBR_Grand_Gedeh_LR.GD_1819_LBR006,,"Liberia, Grand Gedeh",,,,None,,,,,,,,,,,,,,,,,,,,,,,,
LBR_Grand_Kru_LR.GK_1820_LBR007,,"Liberia, Grand Kru",,,,None,,,,,,,,,,,,,,,,,,,,,,,,
LBR_Greater_Monrovia_39194,,"Liberia, Greater Monrovia",,,,None,,,,,,,,,,,,,,,,,,,,,,,,
LBR_Lofa_LR.LF_1821_LBR008,,"Liberia, Lofa",,,,None,,,,,,,,,,,,,,,,,,,,,,,,
LBR_Margibi_LR.MG_1822_LBR009,,"Liberia, Margibi",,,,None,,,,,,,,,,,,,,,,,,,,,,,,
LBR_Maryland_LR.MY_1823_LBR010,,"Liberia, Maryland",,,,None,,,,,,,,,,,,,,,,,,,,,,,,
LBR_Montserrado_LR.MO_1824_LBR011,,"Liberia, Montserrado",,,,None,,,,,,,,,,,,,,,,,,,,,,,,
LBR_Nimba_LR.NI_1825_LBR012,,"Liberia, Nimba",,,,None,,,,,,,,,,,,,,,,,,,,,,,,
LBR_River_Gee_LR.RG_1827_LBR013,,"Liberia, River Gee",,,,None,,,,,,,,,,,,,,,,,,,,,,,,
LBR_Rivercess_LR.RI_1826_LBR014,,"Liberia, Rivercess",,,,None,,,,,,,,,,,,,,,,,,,,,,,,
LBR_Sinoe_LR.SI_1828_LBR015,,"Liberia, Sinoe",,,,None,,,,,,,,,,,,,,,,,,,,,,,,
MEX,,Mexico,,,,None,,,,,,,,,,,,,,,,,,,,,,,,
MEX_Aguascalientes_MX.AG_2028_MEX001,,"Mexico, Aguascalientes",,,,None,,,,,,,,,,,,,,,,,,,,,,,,
MEX_Baja_California_MX.BN_2029_MEX002,,"Mexico, Baja California",,,,None,,,,,,,,,,,,,,,,,,,,,,,,
MEX_Baja_California_Sur_MX.BS_2030_MEX003,,"Mexico, Baja California Sur",,,,None,,,,,,,,,,,,,,,,,,,,,,,,
MEX_Campeche_MX.CM_2031_MEX004,,"Mexico, Campeche",,,,None,,,,,,,,,,,,,,,,,,,,,,,,
MEX_Chiapas_MX.CP_2032_MEX005,,"Mexico, Chiapas",,,,None,,,,,,,,,,,,,,,,,,,,,,,,
MEX_Chihuahua_MX.CH_2033_MEX006,,"Mexico, Chihuahua",,,,None,,,,,,,,,,,,,,,,,,,,,,,,
MEX_Coahuila_MX.CA_2034_MEX007,,"Mexico, Coahuila",,,,None,,,,,,,,,,,,,,,,,,,,,,,,
MEX_Colima_MX.CL_2035_MEX008,,"Mexico, Colima",,,,None,,,,,,,,,,,,,,,,,,,,,,,,
MEX_Distrito_Federal_MX.DF_2028.55_MEX0033,,"Mexico, Distrito Federal",,,,None,,,,,,,,,,,,,,,,,,,,,,,,
MEX_Durango_MX.DU_2037_MEX010,,"Mexico, Durango",,,,None,,,,,,,,,,,,,,,,,,,,,,,,
MEX_Guanajuato_MX.GJ_2038_MEX011,,"Mexico, Guanajuato",,,,None,,,,,,,,,,,,,,,,,,,,,,,,
MEX_Guerrero_MX.GR_2039_MEX012,,"Mexico, Guerrero",,,,None,,,,,,,,,,,,,,,,,,,,,,,,
MEX_Hidalgo_MX.HI_2040_MEX013,,"Mexico, Hidalgo",,,,None,,,,,,,,,,,,,,,,,,,,,,,,
MEX_Jalisco_MX.JA_2041_MEX014,,"Mexico, Jalisco",,,,None,,,,,,,,,,,,,,,,,,,,,,,,
MEX_Mexico_MX.MX_2042_MEX015,,"Mexico, Mexico",,,,None,,,,,,,,,,,,,,,,,,,,,,,,
MEX_Michoacan_MX.MC_2043_MEX016,,"Mexico, Michoacan",,,,None,,,,,,,,,,,,,,,,,,,,,,,,
MEX_Morelos_MX.MR_2044_MEX017,,"Mexico, Morelos",,,,None,,,,,,,,,,,,,,,,,,,,,,,,
MEX_Nayarit_MX.NA_2045_MEX018,,"Mexico, Nayarit",,,,None,,,,,,,,,,,,,,,,,,,,,,,,
MEX_Nuevo_Leon_MX.NL_2046_MEX019,,"Mexico, Nuevo Leon",,,,None,,,,,,,,,,,,,,,,,,,,,,,,
MEX_Oaxaca_MX.OA_2047_MEX020,,"Mexico, Oaxaca",,,,None,,,,,,,,,,,,,,,,,,,,,,,,
MEX_Puebla_MX.PU_2048_MEX021,,"Mexico, Puebla",,,,None,,,,,,,,,,,,,,,,,,,,,,,,
MEX_Queretaro_MX.QE_2049_MEX022,,"Mexico, Queretaro",,,,None,,,,,,,,,,,,,,,,,,,,,,,,
MEX_Quintana_Roo_MX.QR_2050_MEX023,,"Mexico, Quintana Roo",,,,None,,,,,,,,,,,,,,,,,,,,,,,,
MEX_San_Luis_Potosi_MX.SL_2051_MEX024,,"Mexico, San Luis Potosi",,,,None,,,,,,,,,,,,,,,,,,,,,,,,
MEX_Sinaloa_MX.SI_2052_MEX025,,"Mexico, Sinaloa",,,,None,,,,,,,,,,,,,,,,,,,,,,,,
MEX_Sonora_MX.SO_2053_MEX026,,"Mexico, Sonora",,,,None,,,,,,,,,,,,,,,,,,,,,,,,
MEX_Tabasco_MX.TB_2054_MEX027,,"Mexico, Tabasco",,,,None,,,,,,,,,,,,,,,,,,,,,,,,
MEX_Tamaulipas_MX.TM_2055_MEX028,,"Mexico, Tamaulipas",,,,None,,,,,,,,,,,,,,,,,,,,,,,,
MEX_Tlaxcala_MX.TL_2056_MEX029,,"Mexico, Tlaxcala",,,,None,,,,,,,,,,,,,,,,,,,,,,,,
MEX_Veracruz_MX.VE_2057_MEX030,,"Mexico, Veracruz",,,,None,,,,,,,,,,,,,,,,,,,,,,,,
MEX_Yucatan_MX.YU_2058_MEX031,,"Mexico, Yucatan",,,,None,,,,,,,,,,,,,,,,,,,,,,,,
MEX_Zacatecas_MX.ZA_2059_MEX032,,"Mexico, Zacatecas",,,,None,,,,,,,,,,,,,,,,,,,,,,,,
MDA,,Moldova,,,,None,,,,,,,,,,,,,,,,,,,,,,,,
MDA_Centru_AGG116,,"Moldova, Centru",,,,"These are Statistical Regions, not Administrative Units. Center is  constituted of rayons (districts): Ungheni, Telenesti, Rezina, Orhei, Calarasi, Nisporeni, Straseni, Criuleni, Dubasari, Anenii-Noi, Ialoveni and Hincesti.",,,,,,,,,,,,,,,,,,,,,,,,
MDA_Chisinau_MD.CH_2095.7_MDA009,,"Moldova, Chisinau",,,,None,,,,,,,,,,,,,,,,,,,,,,,,
MDA_Nord_AGG113,,"Moldova, Nord",,,,"These are Statistical Regions, not Administrative Units. North is constituted of rayons (districts): Briceni, Edinet, Ocnita, Donduseni, Soroca, Drochia, Riscani, Glodeni, Falesti, Floresti, Soldanesti and mun. Balti.",,,,,,,,,,,,,,,,,,,,,,,,
MDA_Sud_AGG114,,"Moldova, Sud",,,,"These are Statistical Regions, not Administrative Units. South is constituted of rayons (districts): Leova, Cimislia, Basarabeasca, Causeni, Stefan Voda, Cantemir, Taraclia, Cahul, UTA Gagauzia.",,,,,,,,,,,,,,,,,,,,,,,,
MNE,,Montenegro,,,,None,,,,,,,,,,,,,,,,,,,,,,,,
MNE_Centralni_AGG118,,"Montenegro, Centralni",,,,"These are Statistical Regions, not Administrative Units. Center is constituted of Admin1: Cetinje, Podgorica, Danilovgrad, and Nikšiü.",,,,,,,,,,,,,,,,,,,,,,,,
MNE_Primorski_AGG119,,"Montenegro, Primorski",,,,"These are Statistical Regions, not Administrative Units. South is constituted of Admin1: Ulcinj, Bar, Budva, Tivat, Kotor and Herceg, Novi.",,,,,,,,,,,,,,,,,,,,,,,,
MNE_Sjeverni_AGG120.5,,"Montenegro, Sjeverni",,,,"These are Statistical Regions, not Administrative Units. North is constituted of Admin1: Plužine, Šavnik, Žabljak, Pljevlja, Bijelo Polje, Berane, Rožaje, Andrijevica, Plav, Mojkovac and Kolašin.",,,,,,,,,,,,,,,,,,,,,,,,
MAR,,Morocco,,,,None,,,,,,,,,,,,,,,,,,,,,,,,
MAR_Chaouia-Ouardigha_MA.CO_2105_MAR001,,"Morocco, Chaouia-Ouardigha",,,,None,,,,,,,,,,,,,,,,,,,,,,,,
MAR_Doukkala-Abda_MA.DA_2106_MAR002,,"Morocco, Doukkala-Abda",,,,None,,,,,,,,,,,,,,,,,,,,,,,,
MAR_Fes-Boulemane_MA.FB_2107_MAR003,,"Morocco, Fès-Boulemane",,,,None,,,,,,,,,,,,,,,,,,,,,,,,
MAR_Gharb-Chrarda-Beni_Hssen_MA.GB_2108_MAR004,,"Morocco, Gharb-Chrarda-Béni Hssen",,,,None,,,,,,,,,,,,,,,,,,,,,,,,
MAR_Greater_Casablanca_MA.GC_2109_MAR005,,"Morocco, Greater Casablanca",,,,None,,,,,,,,,,,,,,,,,,,,,,,,
MAR_Marrakech-Tensift_MA.MK_2112_MAR008,,"Morocco, Marrakech-Tensift-El Haouz",,,,None,,,,,,,,,,,,,,,,,,,,,,,,
MAR_Meknes-Tafilalet_MA.MT_2113_MAR009,,"Morocco, Meknès-Tafilalet",,,,None,,,,,,,,,,,,,,,,,,,,,,,,
MAR_Oriental_MA.OR_2114_MAR010,,"Morocco, Oriental",,,,None,,,,,,,,,,,,,,,,,,,,,,,,
MAR_Rabat-Sale-Zemmour-Zaer_MA.RS_2115_MAR011,,"Morocco, Rabat-Sale-Zemmour-Zaer",,,,None,,,,,,,,,,,,,,,,,,,,,,,,
MAR_Souss-Massa-Draa_MA.SM_2116_MAR012,,"Morocco, Souss-Massa-Drâa",,,,None,,,,,,,,,,,,,,,,,,,,,,,,
MAR_Tadla-Azilal_MA.TD_2117_MAR013,,"Morocco, Tadla-Azilal",,,,None,,,,,,,,,,,,,,,,,,,,,,,,
MAR_Tangier-Tetouan_MA.TO_2118_MAR014,,"Morocco, Tangier-Tétouan",,,,None,,,,,,,,,,,,,,,,,,,,,,,,
MAR_Taza-Al_Hoceima-Taounate_MA.TH_2119_MAR015,,"Morocco, Taza-Al Hoceima-Taounate",,,,None,,,,,,,,,,,,,,,,,,,,,,,,
MOZ,,Mozambique,,,,None,,,,,,,,,,,,,,,,,,,,,,,,
MOZ_Cabo_Delgado_MZ.CD_2112.1_MOZ001,,"Mozambique, Cabo Delgado",,,,None,,,,,,,,,,,,,,,,,,,,,,,,
MOZ_Gaza_MZ.GA_2113.1_MOZ002,,"Mozambique, Gaza",,,,None,,,,,,,,,,,,,,,,,,,,,,,,
MOZ_Inhambane_MZ.IN_2114.1_MOZ003,,"Mozambique, Inhambane",,,,None,,,,,,,,,,,,,,,,,,,,,,,,
MOZ_Manica_MZ.MN_2115.1_MOZ004,,"Mozambique, Manica",,,,None,,,,,,,,,,,,,,,,,,,,,,,,
MOZ_Maputo_MZ.MA_2116.1_MOZ005,,"Mozambique, Maputo",,,,None,,,,,,,,,,,,,,,,,,,,,,,,
MOZ_Maputo_City_MZ.MC_2117.1_MOZ006,,"Mozambique, Maputo city",,,,None,,,,,,,,,,,,,,,,,,,,,,,,
MOZ_Nampula_MZ.NM_2118.1_MOZ007,,"Mozambique, Nampula",,,,None,,,,,,,,,,,,,,,,,,,,,,,,
MOZ_Niassa_MZ.NS_2119.1_MOZ008,,"Mozambique, Niassa",,,,None,,,,,,,,,,,,,,,,,,,,,,,,
MOZ_Sofala_MZ.SO_2120_MOZ009,,"Mozambique, Sofala",,,,None,,,,,,,,,,,,,,,,,,,,,,,,
MOZ_Tete_MZ.TE_2121_MOZ010,,"Mozambique, Tete",,,,None,,,,,,,,,,,,,,,,,,,,,,,,
MOZ_Zambezia_MZ.ZA_2122_MOZ011,,"Mozambique, Zambezia",,,,None,,,,,,,,,,,,,,,,,,,,,,,,
NPL,,Nepal,,,,None,,,,,,,,,,,,,,,,,,,,,,,,
NPL_Central_NP.CE_2152_NPL001,,"Nepal, Central",,,,None,,,,,,,,,,,,,,,,,,,,,,,,
NPL_Eastern_NP.EA_2153_NPL002,,"Nepal, Eastern",,,,None,,,,,,,,,,,,,,,,,,,,,,,,
NPL_Far_Western_NP.FW_2154_NPL003,,"Nepal, Far Western",,,,None,,,,,,,,,,,,,,,,,,,,,,,,
NPL_Mid_Western_NP.MW_2155_NPL004,,"Nepal, Mid Western",,,,None,,,,,,,,,,,,,,,,,,,,,,,,
NPL_Western_NP.WE_2156_NPL005,,"Nepal, Western",,,,None,,,,,,,,,,,,,,,,,,,,,,,,
NGA,,Nigeria,,,,None,,,,,,,,,,,,,,,,,,,,,,,,
NGA_Abia_NG.AB_65698_NGA001,,"Nigeria, Abia",,,,None,,,,,,,,,,,,,,,,,,,,,,,,
NGA_Adamawa_NG.AD_2211_NGA002,,"Nigeria, Adamawa",,,,None,,,,,,,,,,,,,,,,,,,,,,,,
NGA_Akwa_Ibom_NG.AK_2212_NGA003,,"Nigeria, Akwa Ibom",,,,None,,,,,,,,,,,,,,,,,,,,,,,,
NGA_Anambra_NG.AN_2213_NGA004,,"Nigeria, Anambra",,,,None,,,,,,,,,,,,,,,,,,,,,,,,
NGA_Bauchi_NG.BA_65699_NGA005,,"Nigeria, Bauchi",,,,None,,,,,,,,,,,,,,,,,,,,,,,,
NGA_Bayelsa_NG.BY_65700_NGA006,,"Nigeria, Bayelsa",,,,None,,,,,,,,,,,,,,,,,,,,,,,,
NGA_Benue_NG.BE_2215_NGA007,,"Nigeria, Benue",,,,None,,,,,,,,,,,,,,,,,,,,,,,,
NGA_Borno_NG.BO_2216_NGA008,,"Nigeria, Borno",,,,None,,,,,,,,,,,,,,,,,,,,,,,,
NGA_Cross_River_NG.CR_2217_NGA009,,"Nigeria, Cross River",,,,None,,,,,,,,,,,,,,,,,,,,,,,,
NGA_Delta_NG.DE_2218_NGA010,,"Nigeria, Delta",,,,None,,,,,,,,,,,,,,,,,,,,,,,,
NGA_Ebonyi_NG.EB_65701_NGA011,,"Nigeria, Ebonyi",,,,None,,,,,,,,,,,,,,,,,,,,,,,,
NGA_Edo_NG.ED_2219_NGA012,,"Nigeria, Edo",,,,None,,,,,,,,,,,,,,,,,,,,,,,,
NGA_Ekiti_NG.EK_65702_NGA013,,"Nigeria, Ekiti",,,,None,,,,,,,,,,,,,,,,,,,,,,,,
NGA_Enugu_NG.EN_65703_NGA014,,"Nigeria, Enugu",,,,None,,,,,,,,,,,,,,,,,,,,,,,,
NGA_FCT_Abuja_NG.FC_2221_NGA015,,"Nigeria, FCT, Abuja",,,,None,,,,,,,,,,,,,,,,,,,,,,,,
NGA_Gombe_NG.GO_65704_NGA016,,"Nigeria, Gombe",,,,None,,,,,,,,,,,,,,,,,,,,,,,,
NGA_Imo_NG.IM_2222_NGA017,,"Nigeria, Imo",,,,None,,,,,,,,,,,,,,,,,,,,,,,,
NGA_Jigawa_NG.JI_2223_NGA018,,"Nigeria, Jigawa",,,,None,,,,,,,,,,,,,,,,,,,,,,,,
NGA_Kaduna_NG.KD_2224_NGA019,,"Nigeria, Kaduna",,,,None,,,,,,,,,,,,,,,,,,,,,,,,
NGA_Kano_NG.KN_2225_NGA020,,"Nigeria, Kano",,,,None,,,,,,,,,,,,,,,,,,,,,,,,
NGA_Katsina_NG.KT_2226_NGA021,,"Nigeria, Katsina",,,,None,,,,,,,,,,,,,,,,,,,,,,,,
NGA_Kebbi_NG.KE_2227_NGA022,,"Nigeria, Kebbi",,,,None,,,,,,,,,,,,,,,,,,,,,,,,
NGA_Kogi_NG.KO_2228_NGA023,,"Nigeria, Kogi",,,,None,,,,,,,,,,,,,,,,,,,,,,,,
NGA_Kwara_NG.KW_2229_NGA024,,"Nigeria, Kwara",,,,None,,,,,,,,,,,,,,,,,,,,,,,,
NGA_Lagos_NG.LA_2230_NGA025,,"Nigeria, Lagos",,,,None,,,,,,,,,,,,,,,,,,,,,,,,
NGA_Nassarawa_NG.NA_65705_NGA026,,"Nigeria, Nassarawa",,,,None,,,,,,,,,,,,,,,,,,,,,,,,
NGA_Niger_NG.NI_2231_NGA027,,"Nigeria, Niger",,,,None,,,,,,,,,,,,,,,,,,,,,,,,
NGA_Ogun_NG.OG_2232_NGA028,,"Nigeria, Ogun",,,,None,,,,,,,,,,,,,,,,,,,,,,,,
NGA_Ondo_NG.ON_65706_NGA029,,"Nigeria, Ondo",,,,None,,,,,,,,,,,,,,,,,,,,,,,,
NGA_Osun_NG.OS_2234_NGA030,,"Nigeria, Osun",,,,None,,,,,,,,,,,,,,,,,,,,,,,,
NGA_Oyo_NG.OY_2235_NGA031,,"Nigeria, Oyo",,,,None,,,,,,,,,,,,,,,,,,,,,,,,
NGA_Rivers_NG.RI_65708_NGA033,,"Nigeria, Rivers",,,,None,,,,,,,,,,,,,,,,,,,,,,,,
NGA_Sokoto_NG.SO_65709_NGA034,,"Nigeria, Sokoto",,,,None,,,,,,,,,,,,,,,,,,,,,,,,
NGA_Taraba_NG.TA_2239_NGA035,,"Nigeria, Taraba",,,,None,,,,,,,,,,,,,,,,,,,,,,,,
NGA_Yobe_NG.YO_2240_NGA036,,"Nigeria, Yobe",,,,None,,,,,,,,,,,,,,,,,,,,,,,,
NGA_Zamfara_NG.ZA_65710_NGA037,,"Nigeria, Zamfara",,,,None,,,,,,,,,,,,,,,,,,,,,,,,
PAN,,Panama,,,,None,,,,,,,,,,,,,,,,,,,,,,,,
PAN_Areas_Indigenas_AGG124,,"Panama, Areas Indigenas",,,,"Indigenous areas include three comarcas: Kuna Yala, Embera and Ngobe Bugle.",,,,,,,,,,,,,,,,,,,,,,,,
PAN_Bocas_Del_Toro_PA.BC_2280_PAN001,,"Panama, Bocas del Toro",,,,None,,,,,,,,,,,,,,,,,,,,,,,,
PAN_Chiriqui_PA.CH_2281_PAN002,,"Panama, Chiriqui",,,,None,,,,,,,,,,,,,,,,,,,,,,,,
PAN_Cocle_PA.CC_2282_PAN003,,"Panama, Cocle",,,,None,,,,,,,,,,,,,,,,,,,,,,,,
PAN_Colon_PA.CL_2283_PAN004,,"Panama, Colon",,,,None,,,,,,,,,,,,,,,,,,,,,,,,
PAN_Darien_PA.DR_2285_PAN006,,"Panama, Darien",,,,None,,,,,,,,,,,,,,,,,,,,,,,,
PAN_Embera_Comarca_PA.EC_2280.55_PAN009,,"Panama, Emberá Comarca",,,,None,,,,,,,,,,,,,,,,,,,,,,,,
PAN_Guna_Yala_PA.CB_2284_PAN005,,"Panama, Guna Yala",,,,None,,,,,,,,,,,,,,,,,,,,,,,,
PAN_Herrera_PA.HE_2286_PAN007,,"Panama, Herrera",,,,None,,,,,,,,,,,,,,,,,,,,,,,,
PAN_Los_Santos_PA.LS_2287_PAN008,,"Panama, Los Santos",,,,None,,,,,,,,,,,,,,,,,,,,,,,,
PAN_Ngabe-Bugle_Comarca_PA.NB_2281.55_PAN010,,"Panama, Ngäbe-Buglé Comarca",,,,None,,,,,,,,,,,,,,,,,,,,,,,,
PAN_Panama_PA.PN_2288_PAN011,,"Panama, Panama",,,,None,,,,,,,,,,,,,,,,,,,,,,,,
PAN_Veraguas_PA.VR_2289_PAN013,,"Panama, Veraguas",,,,None,,,,,,,,,,,,,,,,,,,,,,,,
PER,,Peru,,,,None,,,,,,,,,,,,,,,,,,,,,,,,
PER_Costa_AGG233,,"Peru, Costa",,,,None,,,,,,,,,,,,,,,,,,,,,,,,
PER_Lima_Metropolitana_AGG234,,"Peru, Lima Metropolitana",,,,None,,,,,,,,,,,,,,,,,,,,,,,,
PER_Selva_AGG235,,"Peru, Selva",,,,None,,,,,,,,,,,,,,,,,,,,,,,,
PER_Sierra_AGG230,,"Peru, Sierra",,,,None,,,,,,,,,,,,,,,,,,,,,,,,
POL,,Poland,,,,None,,,,,,,,,,,,,,,,,,,,,,,,
POL_Polnocno-Zachodni_AGG049,,"Poland, Pólnocno-Zachodni",,,,"Region Pólnocno-Zachodni is an EU Planning-statistical Unit comprised of the following first administrative level units: Wielkopolskie, Zachodniopomorskie, Lubuskie.",,,,,,,,,,,,,,,,,,,,,,,,
POL_Polnocny_AGG050,,"Poland, Pólnocny",,,,"Region Pólnocny is an EU Planning-statistical Unit comprised of the following first administrative level units: Kujawsko-Pomorskie, Warminsko-Mazurskie, Pomorskie.",,,,,,,,,,,,,,,,,,,,,,,,
POL_Poludniowo-Zachodni_AGG051,,"Poland, Poludniowo-Zachodni",,,,"Region Poludniowo-Zachodni is an EU Planning-statistical Unit comprised of the following first administrative level units: Dolnoslaskie, Opolskie.",,,,,,,,,,,,,,,,,,,,,,,,
POL_Poludniowy_AGG052,,"Poland, Poludniowy",,,,"Region Poludniowy is an EU Planning-statistical Unit comprised of the following first administrative level units: Malopolskie,  Slaskie.",,,,,,,,,,,,,,,,,,,,,,,,
POL_Centralny_AGG054,,"Poland, Region Centralny",,,,"Region Centralny is an EU Planning-statistical Unit comprised of the following first administrative level units: Lódzkie, Mazowieckie.",,,,,,,,,,,,,,,,,,,,,,,,
POL_Wschodni_AGG053,,"Poland, Wschodni",,,,"Region Wschodni is an EU Planning-statistical Unit comprised of the following first administrative level units: Lubelskie, Podkarpackie, Swietokrzyskie, Podlaskie.",,,,,,,,,,,,,,,,,,,,,,,,
ROM,,Romania,,,,None,,,,,,,,,,,,,,,,,,,,,,,,
ROM_Bucuresti-Ilfov_AGG056,,"Romania, Bucuresti-Ilfov",,,,"Bucharest is an EU Planning Unit comprised of the following first administrative level units:  Ilfov, Municipiul Bucuresti.",,,,,,,,,,,,,,,,,,,,,,,,
ROM_Center_AGG057,,"Romania, Central",,,,"Centre is an EU Planning Unit comprised of the following first administrative level units: Alba, Brasov, Covasna, Harghita, Mures, Sibiu.",,,,,,,,,,,,,,,,,,,,,,,,
ROM_Northeast_AGG058,,"Romania, Northeast",,,,"North-East is an EU Planning Unit comprised of the following first administrative level units:  Bacau, Botosani, Iasi, Neamt, Suceava, Vaslui.",,,,,,,,,,,,,,,,,,,,,,,,
ROM_Northwest_AGG059,,"Romania, Northwest",,,,"North-West is an EU Planning Unit comprised of the following first administrative level units: Bihor, Bistrita-Nasaud, Cluj, Maramures, Satu Mare, Salaj.",,,,,,,,,,,,,,,,,,,,,,,,
ROM_South_AGG060,,"Romania, South Muntenia",,,,"South is an EU Planning Unit comprised of the following first administrative level units: Arges, Calarasi, Dambovita, Giurgiu, Ialomita, Prahova, Teleorman.",,,,,,,,,,,,,,,,,,,,,,,,
ROM_Southeast_AGG061,,"Romania, Southeast",,,,"South-East is an EU Planning Unit comprised of the following first administrative level units: Braila, Buzau, Constanta, Galati, Tulcea, Vrancea.",,,,,,,,,,,,,,,,,,,,,,,,
ROM_Southwest_AGG062,,"Romania, Southwest Oltenia",,,,"South-West is an EU Planning Unit comprised of the following first administrative level units: Dolj, Gorj, Mehedinti, Olt, Valcea.",,,,,,,,,,,,,,,,,,,,,,,,
ROM_West_AGG063,,"Romania, West",,,,"West is an EU Planning Unit comprised of the following first administrative level units: Arad, Caras-Severin, Hunedoara, Timis. Source: Eurostat",,,,,,,,,,,,,,,,,,,,,,,,
RUS,,Russian Federation,,,,None,,,,,,,,,,,,,,,,,,,,,,,,
RUS_Adygeya_Rep_RU.AD_2487_RUS001,,"Russian Federation, Adygeya Rep.",,,,None,,,,,,,,,,,,,,,,,,,,,,,,
RUS_Altay_Rep_RU.AL_2489_RUS003,,"Russian Federation, Altay Rep.",,,,None,,,,,,,,,,,,,,,,,,,,,,,,
RUS_Altayskiy_Kray_RU.AK_2490_RUS004,,"Russian Federation, Altayskiy Kray",,,,None,,,,,,,,,,,,,,,,,,,,,,,,
RUS_Amurskaya_Oblast_RU.AO_2491_RUS005,,"Russian Federation, Amurskaya Oblast",,,,None,,,,,,,,,,,,,,,,,,,,,,,,
RUS_Arkhangelskaya_Oblast_RU.AR_2492_RUS006,,"Russian Federation, Arkhangelskaya Oblast",,,,None,,,,,,,,,,,,,,,,,,,,,,,,
RUS_Astrakhanskaya_Oblast_RU.AS_2493_RUS007,,"Russian Federation, Astrakhanskaya oblast",,,,None,,,,,,,,,,,,,,,,,,,,,,,,
RUS_Bashkortostan_Rep_RU.BA_2494_RUS008,,"Russian Federation, Bashkortostan Rep.",,,,None,,,,,,,,,,,,,,,,,,,,,,,,
RUS_Belgorodskaya_Oblast_RU.BE_2495_RUS009,,"Russian Federation, Belgorodskaya oblast",,,,None,,,,,,,,,,,,,,,,,,,,,,,,
RUS_Bryanskaya_Oblast_RU.BR_2496_RUS010,,"Russian Federation, Bryanskaya oblast",,,,None,,,,,,,,,,,,,,,,,,,,,,,,
RUS_Buryatiya_Rep_RU.BU_2497_RUS011,,"Russian Federation, Buryatiya Rep.",,,,None,,,,,,,,,,,,,,,,,,,,,,,,
RUS_Chechnya_Rep_RU.CH_2498_RUS012,,"Russian Federation, Chechnya Rep.",,,,None,,,,,,,,,,,,,,,,,,,,,,,,
RUS_Chelyabinskaya_Oblast_RU.CE_2499_RUS013,,"Russian Federation, Chelyabinskaya oblast",,,,None,,,,,,,,,,,,,,,,,,,,,,,,
RUS_Chukotskiy_Okrug_RU.CU_2501_RUS015,,"Russian Federation, Chukotskiy Okrug",,,,None,,,,,,,,,,,,,,,,,,,,,,,,
RUS_Chuvashiya_Rep_RU.CV_2502_RUS016,,"Russian Federation, Chuvashiya Rep.",,,,None,,,,,,,,,,,,,,,,,,,,,,,,
RUS_Dagestan_Rep_RU.DA_2503_RUS017,,"Russian Federation, Dagestan Rep.",,,,None,,,,,,,,,,,,,,,,,,,,,,,,
RUS_Evenkiyskiy_Okrug_RU.EO_2504_RUS018,,"Russian Federation, Evenkiyskiy Okrug",,,,None,,,,,,,,,,,,,,,,,,,,,,,,
RUS_Ingushetiya_Rep_RU.IR_2505_RUS019,,"Russian Federation, Ingushetiya Rep.",,,,None,,,,,,,,,,,,,,,,,,,,,,,,
RUS_Irkutskaya_Oblast_RU.IK_2506_RUS020,,"Russian Federation, Irkutskaya Oblast",,,,None,,,,,,,,,,,,,,,,,,,,,,,,
RUS_Ivanovskaya_Oblast_RU.IV_2507_RUS021,,"Russian Federation, Ivanovskaya Oblast",,,,None,,,,,,,,,,,,,,,,,,,,,,,,
RUS_Kabardino-balkariya_Rep_RU.KB_2508_RUS022,,"Russian Federation, Kabardino-balkariya Rep.",,,,None,,,,,,,,,,,,,,,,,,,,,,,,
RUS_Kaliningradskaya_Oblast_RU.KO_2509_RUS023,,"Russian Federation, Kaliningradskaya Oblast",,,,None,,,,,,,,,,,,,,,,,,,,,,,,
RUS_Kalmykiya_Rep_RU.KA_2510_RUS024,,"Russian Federation, Kalmykiya Rep.",,,,None,,,,,,,,,,,,,,,,,,,,,,,,
RUS_Kaluzhskaya_Oblast_RU.KU_2511_RUS025,,"Russian Federation, Kaluzhskaya Oblast",,,,None,,,,,,,,,,,,,,,,,,,,,,,,
RUS_Kamchatskaya_Oblast_RU.KM_2512_RUS026,,"Russian Federation, Kamchatskaya Oblast",,,,None,,,,,,,,,,,,,,,,,,,,,,,,
RUS_Karatchayevo-cherkesiya_Rep_RU.KC_2513_RUS027,,"Russian Federation, Karatchayevo-cherkesiya Rep.",,,,None,,,,,,,,,,,,,,,,,,,,,,,,
RUS_Karelya_Rep_RU.KR_2514_RUS028,,"Russian Federation, Karelya Rep.",,,,None,,,,,,,,,,,,,,,,,,,,,,,,
RUS_Kemerovskaya_Oblast_RU.KL_2515_RUS029,,"Russian Federation, Kemerovskaya Oblast",,,,None,,,,,,,,,,,,,,,,,,,,,,,,
RUS_Khabarovskiy_Kray_RU.KH_2516_RUS030,,"Russian Federation, Khabarovskiy Kray",,,,None,,,,,,,,,,,,,,,,,,,,,,,,
RUS_Khakasiya_Rep_RU.KS_2517_RUS031,,"Russian Federation, Khakasiya Rep.",,,,None,,,,,,,,,,,,,,,,,,,,,,,,
RUS_Khanty-mansyiskiy_Okrug_RU.KY_2518_RUS032,,"Russian Federation, Khanty-mansyiskiy Okrug",,,,None,,,,,,,,,,,,,,,,,,,,,,,,
RUS_Kirovskaya_Oblast_RU.KV_2519_RUS033,,"Russian Federation, Kirovskaya Oblast",,,,None,,,,,,,,,,,,,,,,,,,,,,,,
RUS_Komi_Rep_RU.KI_2520_RUS034,,"Russian Federation, Komi Rep.",,,,None,,,,,,,,,,,,,,,,,,,,,,,,
RUS_Kostromskaya_Oblast_RU.OB_2523_RUS037,,"Russian Federation, Kostromskaya Oblast",,,,None,,,,,,,,,,,,,,,,,,,,,,,,
RUS_Krasnodarskiy_Kray_RU.KN_2524_RUS038,,"Russian Federation, Krasnodarskiy Kray",,,,None,,,,,,,,,,,,,,,,,,,,,,,,
RUS_Krasnoyarskiy_Kray_RU.KK_2525_RUS039,,"Russian Federation, Krasnoyarskiy Kray",,,,None,,,,,,,,,,,,,,,,,,,,,,,,
RUS_Kurganskaya_Oblast_RU.KG_2526_RUS040,,"Russian Federation, Kurganskaya Oblast",,,,None,,,,,,,,,,,,,,,,,,,,,,,,
RUS_Kurskaya_Oblast_RU.KT_2527_RUS041,,"Russian Federation, Kurskaya Oblast",,,,None,,,,,,,,,,,,,,,,,,,,,,,,
RUS_Leningradskaya_Oblast_RU.LE_2529_RUS042,,"Russian Federation, Leningradskaya Oblast",,,,None,,,,,,,,,,,,,,,,,,,,,,,,
RUS_Lipetskaya_Oblast_RU.LI_2530_RUS043,,"Russian Federation, Lipetskaya Oblast",,,,None,,,,,,,,,,,,,,,,,,,,,,,,
RUS_Magadanskaya_Oblast_RU.MA_2531_RUS044,,"Russian Federation, Magadanskaya Oblast",,,,None,,,,,,,,,,,,,,,,,,,,,,,,
RUS_Mariy-el_Rep_RU.MR_2532_RUS045,,"Russian Federation, Mariy-el Rep.",,,,None,,,,,,,,,,,,,,,,,,,,,,,,
RUS_Mordoviya_Rep_RU.MO_2533_RUS046,,"Russian Federation, Mordoviya Rep.",,,,None,,,,,,,,,,,,,,,,,,,,,,,,
RUS_Moskovskaya_Oblast_RU.MK_2534_RUS047,,"Russian Federation, Moskovskaya Oblast",,,,None,,,,,,,,,,,,,,,,,,,,,,,,
RUS_Moskva_RU.MV_2535_RUS048,,"Russian Federation, Moskva (Moscow City)",,,,None,,,,,,,,,,,,,,,,,,,,,,,,
RUS_Murmanskaya_Oblast_RU.MU_2536_RUS049,,"Russian Federation, Murmanskaya Oblast",,,,None,,,,,,,,,,,,,,,,,,,,,,,,
RUS_Nenetskiy_Okrug_RU.NE_2538_RUS051,,"Russian Federation, Nenetskiy Okrug",,,,None,,,,,,,,,,,,,,,,,,,,,,,,
RUS_Nizhegorodskaya_Oblast_RU.NZ_2539_RUS052,,"Russian Federation, Nizhegorodskaya Oblast",,,,None,,,,,,,,,,,,,,,,,,,,,,,,
RUS_Novgorodskaya_Oblast_RU.NG_2540_RUS053,,"Russian Federation, Novgorodskaya Oblast",,,,None,,,,,,,,,,,,,,,,,,,,,,,,
RUS_Novosibirskaya_Oblast_RU.NV_2541_RUS054,,"Russian Federation, Novosibirskaya Oblast",,,,None,,,,,,,,,,,,,,,,,,,,,,,,
RUS_Omskaya_Oblast_RU.OO_2542_RUS055,,"Russian Federation, Omskaya oblast",,,,None,,,,,,,,,,,,,,,,,,,,,,,,
RUS_Orenburgskaya_Oblast_RU.OR_2543_RUS056,,"Russian Federation, Orenburgskaya oblast",,,,None,,,,,,,,,,,,,,,,,,,,,,,,
RUS_Orlovskaya_Oblast_RU.OL_2544_RUS057,,"Russian Federation, Orlovskaya Oblast",,,,None,,,,,,,,,,,,,,,,,,,,,,,,
RUS_Penzenskaya_Oblast_RU.PO_2545_RUS058,,"Russian Federation, Penzenskaya Oblast",,,,None,,,,,,,,,,,,,,,,,,,,,,,,
RUS_Permskaya_Oblast_RU.PR_2546_RUS059,,"Russian Federation, Permskaya Oblast",,,,None,,,,,,,,,,,,,,,,,,,,,,,,
RUS_Primorskiy_Kray_RU.PM_2547_RUS060,,"Russian Federation, Primorskiy Kray",,,,None,,,,,,,,,,,,,,,,,,,,,,,,
RUS_Pskovskaya_Oblast_RU.PS_2548_RUS061,,"Russian Federation, Pskovskaya Oblast",,,,None,,,,,,,,,,,,,,,,,,,,,,,,
RUS_Rostovskaya_Oblast_RU.RO_2549_RUS062,,"Russian Federation, Rostovskaya Oblast",,,,None,,,,,,,,,,,,,,,,,,,,,,,,
RUS_Ryazanskaya_Oblast_RU.RS_2550_RUS063,,"Russian Federation, Ryazanskaya Oblast",,,,None,,,,,,,,,,,,,,,,,,,,,,,,
RUS_Sakha_Rep_RU.SA_2551_RUS064,,"Russian Federation, Sakha Rep.",,,,None,,,,,,,,,,,,,,,,,,,,,,,,
RUS_Sakhalinskaya_Oblast_RU.SY_2552_RUS065,,"Russian Federation, Sakhalinskaya Oblast",,,,None,,,,,,,,,,,,,,,,,,,,,,,,
RUS_Samarskaya_Oblast_RU.SM_2553_RUS066,,"Russian Federation, Samarskaya Oblast",,,,None,,,,,,,,,,,,,,,,,,,,,,,,
RUS_Sankt-peterburg_RU.SP_2554_RUS067,,"Russian Federation, Sankt-peterburg (St. Petersburg)",,,,None,,,,,,,,,,,,,,,,,,,,,,,,
RUS_Saratovskaya_Oblast_RU.SR_2555_RUS068,,"Russian Federation, Saratovskaya Oblast",,,,None,,,,,,,,,,,,,,,,,,,,,,,,
RUS_Severn_Osetiya-alaniya_Rep_RU.SO_2556_RUS069,,"Russian Federation, Severnaya Osetiya-alaniya Rep.",,,,None,,,,,,,,,,,,,,,,,,,,,,,,
RUS_Smolenskaya_Oblast_RU.SL_2557_RUS070,,"Russian Federation, Smolenskaya Oblast",,,,None,,,,,,,,,,,,,,,,,,,,,,,,
RUS_Stavropolskiy_Kray_RU.SV_2558_RUS071,,"Russian Federation, Stavropolskiy Kray",,,,None,,,,,,,,,,,,,,,,,,,,,,,,
RUS_Sverdlovskaya_Oblast_RU.SK_2559_RUS072,,"Russian Federation, Sverdlovskaya Oblast",,,,None,,,,,,,,,,,,,,,,,,,,,,,,
RUS_Tambovskaya_Oblast_RU.TA_2560_RUS073,,"Russian Federation, Tambovskaya Oblast",,,,None,,,,,,,,,,,,,,,,,,,,,,,,
RUS_Tatarstan_Rep_RU.TR_2561_RUS074,,"Russian Federation, Tatarstan Rep.",,,,None,,,,,,,,,,,,,,,,,,,,,,,,
RUS_Tomskaya_Oblast_RU.TM_2563_RUS076,,"Russian Federation, Tomskaya Oblast",,,,None,,,,,,,,,,,,,,,,,,,,,,,,
RUS_Tulskaya_Oblast_RU.TS_2564_RUS077,,"Russian Federation, Tulskaya Oblast",,,,None,,,,,,,,,,,,,,,,,,,,,,,,
RUS_Tverskaya_Oblast_RU.TV_2565_RUS078,,"Russian Federation, Tverskaya Oblast",,,,None,,,,,,,,,,,,,,,,,,,,,,,,
RUS_Tyumenskaya_Oblast_RU.TY_2566_RUS079,,"Russian Federation, Tyumenskaya Oblast",,,,None,,,,,,,,,,,,,,,,,,,,,,,,
RUS_Tyva_Rep_RU.TN_2567_RUS080,,"Russian Federation, Tyva Rep.",,,,None,,,,,,,,,,,,,,,,,,,,,,,,
RUS_Udmurtiya_Rep_RU.UR_2568_RUS081,,"Russian Federation, Udmurtiya Rep.",,,,None,,,,,,,,,,,,,,,,,,,,,,,,
RUS_Ulyanovskaya_Oblast_RU.UL_2569_RUS082,,"Russian Federation, Ulyanovskaya Oblast",,,,None,,,,,,,,,,,,,,,,,,,,,,,,
RUS_Vladimirskaya_Oblast_RU.US_2571_RUS084,,"Russian Federation, Vladimirskaya Oblast",,,,None,,,,,,,,,,,,,,,,,,,,,,,,
RUS_Volgogradskaya_Oblast_RU.VG_2572_RUS085,,"Russian Federation, Volgogradskaya Oblast",,,,None,,,,,,,,,,,,,,,,,,,,,,,,
RUS_Vologodskaya_Oblast_RU.VL_2573_RUS086,,"Russian Federation, Vologodskaya Oblast",,,,None,,,,,,,,,,,,,,,,,,,,,,,,
RUS_Voronezhskaya_Oblast_RU.VO_2574_RUS087,,"Russian Federation, Voronezhskaya Oblast",,,,None,,,,,,,,,,,,,,,,,,,,,,,,
RUS_Yamalo-nenetskiy_Okrug_RU.YN_2575_RUS088,,"Russian Federation, Yamalo-nenetskiy Okrug",,,,None,,,,,,,,,,,,,,,,,,,,,,,,
RUS_Yaroslavskaya_Oblast_RU.YA_2576_RUS089,,"Russian Federation, Yaroslavskaya Oblast",,,,None,,,,,,,,,,,,,,,,,,,,,,,,
SLE,,Sierra Leone,,,,None,,,,,,,,,,,,,,,,,,,,,,,,
SLE_Bo_25414,,"Sierra Leone, Bo",,,,None,,,,,,,,,,,,,,,,,,,,,,,,
SLE_Bombali_25409,,"Sierra Leone, Bombali",,,,None,,,,,,,,,,,,,,,,,,,,,,,,
SLE_Bonthe_25415,,"Sierra Leone, Bonthe",,,,None,,,,,,,,,,,,,,,,,,,,,,,,
SLE_Kailahun_25406,,"Sierra Leone, Kailahun",,,,None,,,,,,,,,,,,,,,,,,,,,,,,
SLE_Kambia_25410,,"Sierra Leone, Kambia",,,,None,,,,,,,,,,,,,,,,,,,,,,,,
SLE_Kenema_25407,,"Sierra Leone, Kenema",,,,None,,,,,,,,,,,,,,,,,,,,,,,,
SLE_Koinadugu_25411,,"Sierra Leone, Koinadugu",,,,None,,,,,,,,,,,,,,,,,,,,,,,,
SLE_Kono_25408,,"Sierra Leone, Kono",,,,None,,,,,,,,,,,,,,,,,,,,,,,,
SLE_Moyamba_25416,,"Sierra Leone, Moyamba",,,,None,,,,,,,,,,,,,,,,,,,,,,,,
SLE_Port_Loko_25412,,"Sierra Leone, Port Loko",,,,None,,,,,,,,,,,,,,,,,,,,,,,,
SLE_Pujehun_25417,,"Sierra Leone, Pujehun",,,,None,,,,,,,,,,,,,,,,,,,,,,,,
SLE_Tonkolili_25413,,"Sierra Leone, Tonkolili",,,,None,,,,,,,,,,,,,,,,,,,,,,,,
SLE_Western_Area_SL.WA_2657_SLE004,,"Sierra Leone, Western Area",,,,None,,,,,,,,,,,,,,,,,,,,,,,,
SVK,,Slovak Republic,,,,None,,,,,,,,,,,,,,,,,,,,,,,,
SVK_Banska_Bystrica_SK.BB_2667_SVK001,,"Slovak Republic, Banska Bystrica",,,,None,,,,,,,,,,,,,,,,,,,,,,,,
SVK_Bratislava_SK.BR_2667.55_SVK002,,"Slovak Republic, Bratislava",,,,None,,,,,,,,,,,,,,,,,,,,,,,,
SVK_Kosice_SK.KO_2669_SVK003,,"Slovak Republic, Kosice",,,,None,,,,,,,,,,,,,,,,,,,,,,,,
SVK_Nitra_SK.NI_2670_SVK004,,"Slovak Republic, Nitra",,,,None,,,,,,,,,,,,,,,,,,,,,,,,
SVK_Presov_SK.PR_2671_SVK005,,"Slovak Republic, Presov",,,,None,,,,,,,,,,,,,,,,,,,,,,,,
SVK_Trencin_SK.TR_2672_SVK006,,"Slovak Republic, Trencin",,,,None,,,,,,,,,,,,,,,,,,,,,,,,
SVK_Trnava_SK.TN_2673_SVK007,,"Slovak Republic, Trnava",,,,None,,,,,,,,,,,,,,,,,,,,,,,,
SVK_Zilna_SK.ZI_2674_SVK008,,"Slovak Republic, Zilna",,,,None,,,,,,,,,,,,,,,,,,,,,,,,
SVN,,Slovenia,,,,None,,,,,,,,,,,,,,,,,,,,,,,,
SVN_Vzhodna_Slovenia_AGG064.5,,"Slovenia, Vzhodna",,,,"Vzhodna Slovenija is an EU Planning Unit comprised of the following first administrative level units: Pomurska , Podravska , Koroška , Savinjska , Zasavska , Spodnjeposavska , Jugovzhodna Slovenija , Notranjsko-kraška .",,,,,,,,,,,,,,,,,,,,,,,,
SVN_Zahodna_Slovenia_AGG065.5,,"Slovenia, Zahodna",,,,"Zahodna Slovenija is an EU Planning Unit comprised of the following first administrative level units:  Osrednjeslovenska , Gorenjska , Goriška , Obalno-kraška.",,,,,,,,,,,,,,,,,,,,,,,,
SSD,,South Sudan,,,,None,,,,,,,,,,,,,,,,,,,,,,,,
SSD_Central_Equatoria_SS.CE_2748_SSD001,,"South Sudan, Central Equatoria",,,,None,,,,,,,,,,,,,,,,,,,,,,,,
SSD_Eastern_Equatoria_SS.EE_2750_SSD002,,"South Sudan, Eastern Equatoria",,,,None,,,,,,,,,,,,,,,,,,,,,,,,
SSD_El_Buheyrat_SS.BU_2746_SSD003,,"South Sudan, El Buheyrat",,,,None,,,,,,,,,,,,,,,,,,,,,,,,
SSD_Jonglei_SS.JO_2751_SSD004,,"South Sudan, Jonglei",,,,None,,,,,,,,,,,,,,,,,,,,,,,,
SSD_Northern_Bahr_El_Ghazal_SS.NB_2754_SSD005,,"South Sudan, Northern Bahr El Ghazal",,,,None,,,,,,,,,,,,,,,,,,,,,,,,
SSD_Unity_SS.UI_2747_SSD006,,"South Sudan, Unity",,,,None,,,,,,,,,,,,,,,,,,,,,,,,
SSD_Upper_Nile_SS.UN_37021_SSD007,,"South Sudan, Upper Nile",,,,None,,,,,,,,,,,,,,,,,,,,,,,,
SSD_Warab_37130,,"South Sudan, Warab",,,,None,,,,,,,,,,,,,,,,,,,,,,,,
SSD_Western_Bahr_El_Ghazal_SS.WB_2766_SSD009,,"South Sudan, Western Bahr El Ghazal",,,,None,,,,,,,,,,,,,,,,,,,,,,,,
SSD_Western_Equatoria_SS.WE_2768_SSD010,,"South Sudan, Western Equatoria",,,,None,,,,,,,,,,,,,,,,,,,,,,,,
LKA,,Sri Lanka,,,,None,,,,,,,,,,,,,,,,,,,,,,,,
LKA_Central_LK.CE_2736_LKA001,,"Sri Lanka, Central",,,,None,,,,,,,,,,,,,,,,,,,,,,,,
LKA_Eastern_LK.EA_2737_LKA002,,"Sri Lanka, Eastern",,,,None,,,,,,,,,,,,,,,,,,,,,,,,
LKA_North_Central_LK.NC_2738_LKA003,,"Sri Lanka, North Central",,,,None,,,,,,,,,,,,,,,,,,,,,,,,
LKA_North_Western_LK.NW_2739_LKA004,,"Sri Lanka, North Western",,,,None,,,,,,,,,,,,,,,,,,,,,,,,
LKA_Northern_LK.NO_2740_LKA005,,"Sri Lanka, Northern",,,,None,,,,,,,,,,,,,,,,,,,,,,,,
LKA_Sabaragamuwa_LK.SA_2741_LKA006,,"Sri Lanka, Sabaragamuwa",,,,None,,,,,,,,,,,,,,,,,,,,,,,,
LKA_Southern_LK.SO_2742_LKA007,,"Sri Lanka, Southern",,,,None,,,,,,,,,,,,,,,,,,,,,,,,
LKA_Uva_LK.UV_2743_LKA008,,"Sri Lanka, Uva",,,,None,,,,,,,,,,,,,,,,,,,,,,,,
LKA_Western_LK.WE_2744_LKA009,,"Sri Lanka, Western",,,,None,,,,,,,,,,,,,,,,,,,,,,,,
SDN,,Sudan,,,,None,,,,,,,,,,,,,,,,,,,,,,,,
SDN_Al_Gadaref_37048,,"Sudan, Al Gadaref",,,,None,,,,,,,,,,,,,,,,,,,,,,,,
SDN_Al_Jazeera_SD.AJ_2745_SDN001,,"Sudan, Al Jazeera",,,,None,,,,,,,,,,,,,,,,,,,,,,,,
SDN_Blue_Nile_SD.BN_2749_SDN002,,"Sudan, Blue Nile",,,,None,,,,,,,,,,,,,,,,,,,,,,,,
SDN_Kassala_SD.KA_68783_SDN008,,"Sudan, Kassala",,,,None,,,,,,,,,,,,,,,,,,,,,,,,
SDN_Khartoum_SD.KH_2753_SDN009,,"Sudan, Khartoum",,,,None,,,,,,,,,,,,,,,,,,,,,,,,
SDN_Nile_River_SD.NI_2761_SDN004,,"Sudan, Nile River",,,,None,,,,,,,,,,,,,,,,,,,,,,,,
SDN_Northern_SD.NO_2755_SDN010,,"Sudan, Northern",,,,None,,,,,,,,,,,,,,,,,,,,,,,,
SDN_Northern_Darfur_SD.ND_2757_SDN011,,"Sudan, Northern Darfur",,,,None,,,,,,,,,,,,,,,,,,,,,,,,
SDN_Northern_Kordofan_SD.NK_68784_SDN012,,"Sudan, Northern Kordofan",,,,None,,,,,,,,,,,,,,,,,,,,,,,,
SDN_Red_Sea_SD.RS_40772_SDN013,,"Sudan, Red Sea",,,,None,,,,,,,,,,,,,,,,,,,,,,,,
SDN_Sennar_SD.SE_2762_SDN014,,"Sudan, Sennar",,,,None,,,,,,,,,,,,,,,,,,,,,,,,
SDN_Southern_Darfur_SD.SD_2764_SDN018,,"Sudan, Southern Darfur",,,,None,,,,,,,,,,,,,,,,,,,,,,,,
SDN_Southern_Kordofan_SD.SK_4150_SDN019,,"Sudan, Southern Kordofan",,,,None,,,,,,,,,,,,,,,,,,,,,,,,
SDN_Western_Darfur_SD.WD_2769_SDN024,,"Sudan, Western Darfur",,,,None,,,,,,,,,,,,,,,,,,,,,,,,
SDN_White_Nile_SD.WN_2770_SDN026,,"Sudan, White Nile",,,,None,,,,,,,,,,,,,,,,,,,,,,,,
SYR,,Syrian Arab Republic,,,,None,,,,,,,,,,,,,,,,,,,,,,,,
SYR_Central_AGG066.5,,"Syrian Arab Republic, Central",,,,Central region is comprised of the following first administrative level units (governorates): Homs and Hama.,,,,,,,,,,,,,,,,,,,,,,,,
SYR_Coastal_AGG067.5,,"Syrian Arab Republic, Coastal",,,,Coastal region is comprised of the following first administrative level units (governorates): Tartous and Latakkia.,,,,,,,,,,,,,,,,,,,,,,,,
SYR_North-Eastern_AGG068,,"Syrian Arab Republic, North-Eastern",,,,"North-Eastern region is comprised of the following first administrative level units (governorates): Idleb, Aleppo, Al Raqqa, Deir Ezzor and Hassakeh.",,,,,,,,,,,,,,,,,,,,,,,,
SYR_Southern_AGG069,,"Syrian Arab Republic, Southern",,,,"Southern region is comprised of the following first administrative level units (governorates): Damascus, Rural Damascus, Deraa, El Suaida and El Quneitra.",,,,,,,,,,,,,,,,,,,,,,,,
TJK,,Tajikistan,,,,None,,,,,,,,,,,,,,,,,,,,,,,,
TJK_Dushanbe_TJ.DU_2847.8_TJK005,,"Tajikistan, Dushanbe",,,,None,,,,,,,,,,,,,,,,,,,,,,,,
TJK_GBAO_TJ.GB_2847.9_TJK006,,"Tajikistan, Gorno-Badakhshan Autonomous Oblast",,,,None,,,,,,,,,,,,,,,,,,,,,,,,
TJK_Khatlon_TJ.KL_2848_TKJ002,,"Tajikistan, Khatlon",,,,None,,,,,,,,,,,,,,,,,,,,,,,,
TJK_RSS_TJ.RS_2847_10_TAJ007,,"Tajikistan, Region of Republican Subordination",,,,None,,,,,,,,,,,,,,,,,,,,,,,,
TJK_Sogd_TJ.LE_2849_TJK003,,"Tajikistan, Sogd",,,,None,,,,,,,,,,,,,,,,,,,,,,,,
TMP,,Timor-Leste,,,,None,,,,,,,,,,,,,,,,,,,,,,,,
TMP_Aileu_TP.AL_2957.1_TMP001,,"Timor-Leste, Aileu",,,,None,,,,,,,,,,,,,,,,,,,,,,,,
TMP_Ainaro_TP.AN_2958.1_TMP002,,"Timor-Leste, Ainaro",,,,None,,,,,,,,,,,,,,,,,,,,,,,,
TMP_Baucau_TP.BC_2959.1_TMP003,,"Timor-Leste, Baucau",,,,None,,,,,,,,,,,,,,,,,,,,,,,,
TMP_Bobonaro_TP.BB_2960.1_TMP004,,"Timor-Leste, Bobonaro",,,,None,,,,,,,,,,,,,,,,,,,,,,,,
TMP_Cova_Lima_TP.CL_2961.1_TMP005,,"Timor-Leste, Cova Lima",,,,None,,,,,,,,,,,,,,,,,,,,,,,,
TMP_Dili_TP.DL_2962.1_TMP006,,"Timor-Leste, Dili",,,,None,,,,,,,,,,,,,,,,,,,,,,,,
TMP_Ermera_TP.ER_2963.1_TMP007,,"Timor-Leste, Ermera",,,,None,,,,,,,,,,,,,,,,,,,,,,,,
TMP_Lautem_TP.BT_2964.1_TMP008,,"Timor-Leste, Lautem",,,,None,,,,,,,,,,,,,,,,,,,,,,,,
TMP_Liquica_TP.LQ_2965.1_TMP009,,"Timor-Leste, Liquica",,,,None,,,,,,,,,,,,,,,,,,,,,,,,
TMP_Manatuto_TP.MT_2966.1_TMP010,,"Timor-Leste, Manatuto",,,,None,,,,,,,,,,,,,,,,,,,,,,,,
TMP_Manufahi_TP.MF_2967.1_TMP011,,"Timor-Leste, Manufahi",,,,None,,,,,,,,,,,,,,,,,,,,,,,,
TMP_Oecussi_TP.AM_2968.1_TMP012,,"Timor-Leste, Oecussi",,,,None,,,,,,,,,,,,,,,,,,,,,,,,
TMP_Viqueque_TP.VQ_2969.1_TMP013,,"Timor-Leste, Viqueque",,,,None,,,,,,,,,,,,,,,,,,,,,,,,
TGO,,Togo,,,,None,,,,,,,,,,,,,,,,,,,,,,,,
TGO_Centrale_TG.CE_2970.1_TGO001,,"Togo, Centrale",,,,None,,,,,,,,,,,,,,,,,,,,,,,,
TGO_Grande_Lome_27395_5,,"Togo, Grande Lomé",,,,None,,,,,,,,,,,,,,,,,,,,,,,,
TGO_Kara_TG.KA_2971.1_TGO002,,"Togo, Kara",,,,None,,,,,,,,,,,,,,,,,,,,,,,,
TGO_Maritime_TG.MA_2972_TGO003,,"Togo, Maritime",,,,None,,,,,,,,,,,,,,,,,,,,,,,,
TGO_Plateaux_TG.PL_2973_TGO004,,"Togo, Plateaux",,,,None,,,,,,,,,,,,,,,,,,,,,,,,
TGO_Savanes_TG.SV_2974_TGO005,,"Togo, Savanes",,,,None,,,,,,,,,,,,,,,,,,,,,,,,
TUN,,Tunisia,,,,None,,,,,,,,,,,,,,,,,,,,,,,,
TUN_Centre_Est_AGG070,,"Tunisia, Centre Est",,,,"Centre Est is comprised of the following first administrative level units (governorates): Sousse, Monastir, Mahdia and Sfax.",,,,,,,,,,,,,,,,,,,,,,,,
TUN_Centre_Ouest_AGG075,,"Tunisia, Centre Ouest",,,,"Centre Ouest is comprised of the following first administrative level units (governorates): Kasserine, Sidi Bouzid and Kairouan.",,,,,,,,,,,,,,,,,,,,,,,,
TUN_Grand_Tunis_AGG075_5,,"Tunisia, Grand Tunis",,,,"Grand Tunis is comprised of the following first administrative level units (governorates):  Ariana, Tunis, Manouba and Ben Arous.",,,,,,,,,,,,,,,,,,,,,,,,
TUN_Nord_Est_AGG071,,"Tunisia, Nord Est",,,,"Nord Est is comprised of the following first administrative level units (governorates):  Bizerte, Nabeul and Zaghoun.",,,,,,,,,,,,,,,,,,,,,,,,
TUN_Nord_Ouest_AGG072,,"Tunisia, Nord Ouest",,,,"Nord Ouest is comprised of the following first administrative level units (governorates):  Jendouba, Beja, Kef and Siliana.",,,,,,,,,,,,,,,,,,,,,,,,
TUN_Sud_Est_AGG073,,"Tunisia, Sud Est",,,,"Sud Est is comprised of the following first administrative level units (governorates):  Gabes, Medenine and Tataouine.",,,,,,,,,,,,,,,,,,,,,,,,
VEN_Amazonas_VE.AM_3302_VEN001,,"Venezuela, RB, Amazonas",,,,None,,,,,,,,,,,,,,,,,,,,,,,,
VEN_Anzoategui_VE.AN_3303_VEN002,,"Venezuela, RB, Anzoategui",,,,None,,,,,,,,,,,,,,,,,,,,,,,,
VEN_Apure_VE.AP_3304_VEN003,,"Venezuela, RB, Apure",,,,None,,,,,,,,,,,,,,,,,,,,,,,,
VEN_Aragua_VE.AR_3305_VEN004,,"Venezuela, RB, Aragua",,,,None,,,,,,,,,,,,,,,,,,,,,,,,
VEN_Barinas_VE.BA_3306_VEN005,,"Venezuela, RB, Barinas",,,,None,,,,,,,,,,,,,,,,,,,,,,,,
VEN_Bolivar_VE.BO_3307_COL006,,"Venezuela, RB, Bolivar",,,,None,,,,,,,,,,,,,,,,,,,,,,,,
VEN_Carabobo_VE.CA_3308_VEN007,,"Venezuela, RB, Carabobo",,,,None,,,,,,,,,,,,,,,,,,,,,,,,
VEN_Cojedes_VE.CO_3309_VEN008,,"Venezuela, RB, Cojedes",,,,None,,,,,,,,,,,,,,,,,,,,,,,,
VEN_Delta_Amacuro_VE.DA_3310_VEN009,,"Venezuela, RB, Delta Amacuro",,,,None,,,,,,,,,,,,,,,,,,,,,,,,
VEN_Distrito_Capital_VE.DF_67153_VEN010,,"Venezuela, RB, Distrito Capital",,,,None,,,,,,,,,,,,,,,,,,,,,,,,
VEN_Falcon_VE.FA_3313_VEN011,,"Venezuela, RB, Falcon",,,,None,,,,,,,,,,,,,,,,,,,,,,,,
VEN_Guarico_VE.GU_3314_VEN012,,"Venezuela, RB, Guarico",,,,None,,,,,,,,,,,,,,,,,,,,,,,,
VEN_Lara_VE.LA_3315_VEN013,,"Venezuela, RB, Lara",,,,None,,,,,,,,,,,,,,,,,,,,,,,,
VEN_Merida_VE.ME_3316_VEN014,,"Venezuela, RB, Merida",,,,None,,,,,,,,,,,,,,,,,,,,,,,,
VEN_Miranda_VE.MI_3317_VEN015,,"Venezuela, RB, Miranda",,,,None,,,,,,,,,,,,,,,,,,,,,,,,
VEN_Monagas_VE.MO_3318_VEN016,,"Venezuela, RB, Monagas",,,,None,,,,,,,,,,,,,,,,,,,,,,,,
VEN_Nueva_Esparta_VE.NE_3319_VEN017,,"Venezuela, RB, Nueva Esparta",,,,None,,,,,,,,,,,,,,,,,,,,,,,,
VEN_Portuguesa_VE.PO_3320_VEN018,,"Venezuela, RB, Portuguesa",,,,None,,,,,,,,,,,,,,,,,,,,,,,,
VEN_Sucre_VE.SU_3321_VEN019,,"Venezuela, RB, Sucre",,,,None,,,,,,,,,,,,,,,,,,,,,,,,
VEN_Tachira_VE.TA_3322_VEN020,,"Venezuela, RB, Tachira",,,,None,,,,,,,,,,,,,,,,,,,,,,,,
VEN_Trujillo_VE.TR_3323_VEN021,,"Venezuela, RB, Trujillo",,,,None,,,,,,,,,,,,,,,,,,,,,,,,
VEN_Vargas_VE.VA_67152_VEN022,,"Venezuela, RB, Vargas",,,,None,,,,,,,,,,,,,,,,,,,,,,,,
VEN_Yaracuy_VE.YA_3324_VEN023,,"Venezuela, RB, Yaracuy",,,,None,,,,,,,,,,,,,,,,,,,,,,,,
VEN_Zulia_VE.ZU_3325_VEN024,,"Venezuela, RB, Zulia",,,,None,,,,,,,,,,,,,,,,,,,,,,,,
VNM,,Vietnam,,,,None,,,,,,,,,,,,,,,,,,,,,,,,
VNM_Central_Highlands_AGG083_555,,"Vietnam, Central Highlands",,,,None,,,,,,,,,,,,,,,,,,,,,,,,
VNM_Mekong_River_Delta_AGG076_555,,"Vietnam, Mekong River Delta",,,,None,,,,,,,,,,,,,,,,,,,,,,,,
VNM_North_Central_Coast_AGG077_555,,"Vietnam, North Central Coast",,,,None,,,,,,,,,,,,,,,,,,,,,,,,
VNM_Northeast_AGG078_555,,"Vietnam, Northeast",,,,None,,,,,,,,,,,,,,,,,,,,,,,,
VNM_Northwest_AGG082_555,,"Vietnam, Northwest",,,,None,,,,,,,,,,,,,,,,,,,,,,,,
VNM_Red_River_Delta_AGG079_555,,"Vietnam, Red River Delta",,,,None,,,,,,,,,,,,,,,,,,,,,,,,
VNM_South_Central_Coast_AGG080_555,,"Vietnam, South Central Coast",,,,None,,,,,,,,,,,,,,,,,,,,,,,,
VNM_Southeast_AGG081_555,,"Vietnam, Southeast",,,,None,,,,,,,,,,,,,,,,,,,,,,,,
WBG,,West Bank and Gaza,,,,None,,,,,,,,,,,,,,,,,,,,,,,,
WBG_Gaza_strip_PS.GA_1292_WBG006,,"West Bank and Gaza, Gaza strip",,,,None,,,,,,,,,,,,,,,,,,,,,,,,
WBG_West_Bank_PS.WB_3405_WBG017,,"West Bank and Gaza, West Bank",,,,None,,,,,,,,,,,,,,,,,,,,,,,,
YEM,,"Yemen, Rep.",,,,None,,,,,,,,,,,,,,,,,,,,,,,,
YEM_Abyan_YE.AB_3407_YEM002,,"Yemen, Rep., Abyan",,,,None,,,,,,,,,,,,,,,,,,,,,,,,
YEM_Aden_YE.AE_3409_YEM005,,"Yemen, Rep., Aden",,,,None,,,,,,,,,,,,,,,,,,,,,,,,
YEM_Al_Bayda_YE.BA_3410_YEM006,,"Yemen, Rep., Al Bayda",,,,None,,,,,,,,,,,,,,,,,,,,,,,,
YEM_Al_Hudaydah_YE.HU_3411_YEM008,,"Yemen, Rep., Al Hudaydah",,,,None,,,,,,,,,,,,,,,,,,,,,,,,
YEM_Al_Jawf_YE.JF_3412_YEM003,,"Yemen, Rep., Al Jawf",,,,None,,,,,,,,,,,,,,,,,,,,,,,,
YEM_Al_Maharah_YE.MA_3413_YEM001,,"Yemen, Rep., Al Maharah",,,,None,,,,,,,,,,,,,,,,,,,,,,,,
YEM_Al_Mahwit_YE.MW_3414_YEM007,,"Yemen, Rep., Al Mahwit",,,,None,,,,,,,,,,,,,,,,,,,,,,,,
YEM_Al_Radmah_32879,,"Yemen, Rep., Al Radmah",,,,None,,,,,,,,,,,,,,,,,,,,,,,,
YEM_Amran_YE.AM_3415_YEM009,,"Yemen, Rep., Amran",,,,None,,,,,,,,,,,,,,,,,,,,,,,,
YEM_Dhamar_YE.DH_3416_YEM014,,"Yemen, Rep., Dhamar",,,,None,,,,,,,,,,,,,,,,,,,,,,,,
YEM_Hadramaut_YE.HA_3417_YEM010,,"Yemen, Rep., Hadramaut",,,,None,,,,,,,,,,,,,,,,,,,,,,,,
YEM_Hajjah_YE.HJ_3418_YEM011,,"Yemen, Rep., Hajjah",,,,None,,,,,,,,,,,,,,,,,,,,,,,,
YEM_Ibb_YE.IB_3419_YEM012,,"Yemen, Rep., Ibb",,,,None,,,,,,,,,,,,,,,,,,,,,,,,
YEM_Lahj_YE.LA_3420_YEM013,,"Yemen, Rep., Lahj",,,,None,,,,,,,,,,,,,,,,,,,,,,,,
YEM_Marib_YE.MR_3421_YEM015,,"Yemen, Rep., Marib",,,,None,,,,,,,,,,,,,,,,,,,,,,,,
YEM_S-adah_YE.SA_3422_YEM017,,"Yemen, Rep., Sadah",,,,None,,,,,,,,,,,,,,,,,,,,,,,,
YEM_Sana-a_YE.SN_3423_YEM016,,"Yemen, Rep., Sanaa",,,,None,,,,,,,,,,,,,,,,,,,,,,,,
YEM_Shabwah_YE.SH_3424_YEM018,,"Yemen, Rep., Shabwah",,,,None,,,,,,,,,,,,,,,,,,,,,,,,
YEM_Taizz_YE.TA_3425_YEM019,,"Yemen, Rep., Taizz",,,,None,,,,,,,,,,,,,,,,,,,,,,,,
ZMB,,Zambia,,,,None,,,,,,,,,,,,,,,,,,,,,,,,
ZMB_Central_ZM.CE_3426_ZMB001,,"Zambia, Central",,,,None,,,,,,,,,,,,,,,,,,,,,,,,
ZMB_Copperbelt_ZM.CO_3427_ZMB002,,"Zambia, Copperbelt",,,,None,,,,,,,,,,,,,,,,,,,,,,,,
ZMB_Eastern_ZM.EA_3428_ZMB003,,"Zambia, Eastern",,,,None,,,,,,,,,,,,,,,,,,,,,,,,
ZMB_Luapula_ZM.LP_3429_ZMB004,,"Zambia, Luapula",,,,None,,,,,,,,,,,,,,,,,,,,,,,,
ZMB_Lusaka_ZM.LS_3430_ZMB005,,"Zambia, Lusaka",,,,None,,,,,,,,,,,,,,,,,,,,,,,,
ZMB_Northern_ZM.NO_3432_ZMB006,,"Zambia, Northern",,,,None,,,,,,,,,,,,,,,,,,,,,,,,
ZMB_North-Western_ZM.NW_3431_ZMB007,,"Zambia, North-Western",,,,None,,,,,,,,,,,,,,,,,,,,,,,,
ZMB_Southern_ZM.SO_3433_ZMB008,,"Zambia, Southern",,,,None,,,,,,,,,,,,,,,,,,,,,,,,
ZMB_Western_ZM.WE_3434_ZMB009,,"Zambia, Western",,,,None,,,,,,,,,,,,,,,,,,,,,,,,
